Ticker,Buy_Date,Sell_Date,Buy_Price,Sell_Price,PnL,Return_%,Holding_Period
DCMSHRIRAM.NS,2019-05-24,2019-06-06,548.7684326171875,472.5809020996094,-7923.503173828125,-0.1388336609564519,13
J&KBANK.NS,2019-05-24,2019-06-10,57.410099029541016,49.72039031982422,-8028.055892944336,-0.13394348450365798,17
LINDEINDIA.NS,2019-05-24,2019-06-13,527.3433837890625,525.2540283203125,-355.1904296875,-0.0039620397884535564,20
EDELWEISS.NS,2019-05-24,2019-06-17,84.71765899658203,81.70197296142578,-2005.4312133789062,-0.03559689999552418,24
BALRAMCHIN.NS,2019-05-24,2019-06-17,143.36953735351562,139.15553283691406,-2187.068344116211,-0.02939260734454919,24
HUHTAMAKI.NS,2019-05-24,2019-06-19,244.45372009277344,234.4306182861328,-2726.28369140625,-0.041002042443194255,26
BIRLACORPN.NS,2019-05-24,2019-06-19,577.6279907226562,545.2789306640625,-4302.424987792969,-0.056003276465398835,26
NAM-INDIA.NS,2019-05-24,2019-06-25,187.68299865722656,181.4983673095703,-2158.4363403320312,-0.03295253907868077,32
REDINGTON.NS,2019-06-21,2019-07-05,42.58003234863281,39.25764846801758,-6146.410179138184,-0.07802680499189221,14
PGHL.NS,2019-05-24,2019-07-08,3163.981689453125,3325.244140625,3386.511474609375,0.05096819988226551,45
BEL.NS,2019-05-24,2019-07-08,32.54970932006836,29.46360969543457,-8637.992849349976,-0.09481189507062879,45
ATUL.NS,2019-05-24,2019-07-08,3634.54833984375,3791.839599609375,5505.194091796875,0.0432767004475684,45
MAHSCOOTER.NS,2019-06-21,2019-07-08,4092.5341796875,3711.042724609375,-8774.303466796875,-0.09321643713364298,17
SRF.NS,2019-05-24,2019-07-09,558.521240234375,544.6898193359375,-2434.330078125,-0.024764359709280443,46
PNCINFRA.NS,2019-06-14,2019-07-12,204.3384246826172,188.27517700195312,-5525.7572021484375,-0.07861099891326774,28
JUSTDIAL.NS,2019-05-24,2019-07-22,679.5499877929688,725.9000244140625,4774.053771972656,0.06820695674151747,59
PGHL.NS,2019-07-12,2019-07-22,3480.506591796875,3623.6875,4438.608154296875,0.04113795059046426,10
ORIENTCEM.NS,2019-06-21,2019-07-24,96.11068725585938,88.34603881835938,-4231.7333984375,-0.08078860592089492,33
DCMSHRIRAM.NS,2019-07-12,2019-07-24,489.0157165527344,405.62091064453125,-10507.745544433594,-0.17053604431384367,12
KOLTEPATIL.NS,2019-07-12,2019-07-26,241.89248657226562,218.134765625,-7626.228424072266,-0.09821603508204867,14
APOLLOHOSP.NS,2019-06-21,2019-08-02,1319.4287109375,1282.19189453125,-2532.103515625,-0.028221923698925688,42
BALRAMCHIN.NS,2019-07-19,2019-08-02,137.4699249267578,128.1991424560547,-4153.310546875,-0.06743862321625968,14
TORNTPOWER.NS,2019-07-05,2019-08-05,249.23629760742188,238.97064208984375,-3746.9642639160156,-0.041188444926058915,31
PGHL.NS,2019-07-26,2019-08-14,3881.315673828125,3662.054931640625,-3727.4326171875,-0.05649134484628097,19
NAUKRI.NS,2019-06-14,2019-08-21,426.61956787109375,416.99139404296875,-1299.803466796875,-0.02256852369939633,68
ADANIGREEN.NS,2019-07-12,2019-08-21,49.54999923706055,44.099998474121094,-5275.600738525391,-0.10998992627356423,40
AAVAS.NS,2019-07-12,2019-08-21,1511.5,1458.550048828125,-2806.347412109375,-0.035031393431607674,40
SPARC.NS,2019-07-26,2019-08-27,165.0500030517578,142.60000610351562,-7520.748977661133,-0.13601936705933973,32
APLLTD.NS,2019-07-12,2019-08-28,488.85809326171875,452.3898620605469,-5214.957061767578,-0.07459880833280583,47
BBTC.NS,2019-09-20,2019-09-30,1247.4840087890625,1108.700927734375,-5551.3232421875,-0.11125038884418628,10
VENKEYS.NS,2019-09-20,2019-09-30,1646.1650390625,1551.4635009765625,-3409.25537109375,-0.05752858057286318,10
RAIN.NS,2019-09-20,2019-10-01,97.90753936767578,86.20223999023438,-5688.775497436523,-0.11955462728446341,11
STLTECH.NS,2019-09-20,2019-10-03,161.800537109375,143.83340454101562,-4851.125793457031,-0.1110449500931745,13
JKPAPER.NS,2019-09-20,2019-10-03,119.14077758789062,110.75304412841797,-3992.5611267089844,-0.07040186936235994,13
HDFCAMC.NS,2019-07-26,2019-10-04,966.714599609375,1178.8076171875,15482.790283203125,0.21939569099693584,70
BRIGADE.NS,2019-07-12,2019-10-07,129.8081817626953,142.05239868164062,6464.946533203125,0.0943254635622983,87
CANFINHOME.NS,2019-07-26,2019-10-07,364.7989196777344,358.71417236328125,-1423.8308715820312,-0.01667972953381668,73
SCI.NS,2019-09-20,2019-10-07,30.304424285888672,35.9692268371582,8916.399215698242,0.18692988514905926,17
JKTYRE.NS,2019-09-20,2019-10-11,66.9637222290039,61.011383056640625,-6095.1953125,-0.08888901294953931,21
BALRAMCHIN.NS,2019-09-20,2019-10-16,150.48651123046875,141.02841186523438,-3641.3682556152344,-0.0628501470856041,26
GICRE.NS,2019-10-11,2019-10-23,182.81924438476562,214.51194763183594,9412.732864379883,0.17335540004951072,12
HDFCLIFE.NS,2019-07-26,2019-11-05,489.8302917480469,572.8099975585938,13691.651458740234,0.16940501069139471,102
DIXON.NS,2019-10-11,2019-11-06,609.3018798828125,560.349609375,-4846.2747802734375,-0.08034157143455314,26
HINDPETRO.NS,2019-10-11,2019-11-08,149.30563354492188,142.2869110107422,-2526.7401123046875,-0.04700909381338214,28
JINDALSAW.NS,2019-09-20,2019-11-13,38.05825424194336,36.709468841552734,-2002.9463195800781,-0.03544002286116822,54
BERGEPAINT.NS,2019-10-11,2019-11-13,383.9009094238281,385.4670715332031,352.386474609375,0.0040795998939558405,33
CGCL.NS,2019-10-11,2019-11-13,192.9844207763672,185.8665313720703,-1701.1755676269531,-0.03688323324578193,33
NMDC.NS,2019-10-18,2019-11-13,17.89107894897461,16.567943572998047,-4666.698471069336,-0.0739550353419236,26
RELINFRA.NS,2019-11-08,2019-11-13,46.75,42.25,-6214.5,-0.0962566844919786,5
SIEMENS.NS,2019-10-11,2019-11-15,888.6296997070312,889.504638671875,83.11920166015625,0.0009845934309107665,35
RPOWER.NS,2019-11-08,2019-11-15,4.800000190734863,4.0,-7668.001828193665,-0.1666666997803569,7
ITDC.NS,2019-09-20,2019-11-22,260.60333251953125,346.1569519042969,13089.70376586914,0.3282905807751085,63
BPCL.NS,2019-10-11,2019-11-26,156.47967529296875,159.2533416748047,854.2892456054688,0.01772540987602988,46
WHIRLPOOL.NS,2019-10-11,2019-11-26,2024.764404296875,1983.4910888671875,-1444.5660400390625,-0.0203842557396302,46
JMFINANCIL.NS,2019-11-15,2019-11-26,82.5099105834961,76.23722839355469,-5664.23201751709,-0.07602337883512492,11
RENUKA.NS,2019-11-15,2019-11-27,9.300000190734863,8.300000190734863,-5725.0,-0.10752687951514789,12
EDELWEISS.NS,2019-11-15,2019-12-03,60.1108283996582,51.96573257446289,-8894.444641113281,-0.1355013072027739,18
NIACL.NS,2019-11-08,2019-12-06,138.9530029296875,135.6001434326172,-875.0963287353516,-0.024129449715936793,28
JINDALSTEL.NS,2019-11-15,2019-12-06,141.2965087890625,137.6545867919922,-1405.7818908691406,-0.02577503172783436,21
RPOWER.NS,2019-11-15,2019-12-09,4.0,3.25,-6915.75,-0.1875,24
AVANTIFEED.NS,2019-09-20,2019-12-10,319.08465576171875,458.7301025390625,26951.571228027344,0.43764387994146003,81
IIFL.NS,2019-11-29,2019-12-10,157.5678253173828,129.33558654785156,-7594.472229003906,-0.17917515021016592,11
ABCAPITAL.NS,2019-11-29,2019-12-10,109.44999694824219,91.94999694824219,-9940.0,-0.1598903653535557,11
ITDC.NS,2019-12-06,2019-12-20,343.6928405761719,314.3207092285156,-3935.8656005859375,-0.085460410808722,14
IDEA.NS,2019-11-29,2019-12-23,6.849999904632568,6.400000095367432,-1450.3493852615356,-0.06569340372702889,24
CRISIL.NS,2019-12-13,2019-12-24,1549.157958984375,1688.6365966796875,9205.590087890625,0.0900351296563421,11
NETWORK18.NS,2019-12-06,2019-12-31,28.0,24.149999618530273,-5621.000556945801,-0.1375000136239188,25
LTF.NS,2019-12-06,2020-01-06,97.18396759033203,96.71136474609375,-324.20555114746094,-0.004862971289981541,31
ADANIENSOL.NS,2019-12-13,2020-01-06,331.54998779296875,324.04998779296875,-1245.0,-0.022621023303078084,24
KRBL.NS,2019-12-20,2020-01-06,264.7167053222656,245.3035125732422,-5707.478668212891,-0.07333572970164408,17
BLISSGVS.NS,2019-10-25,2020-01-09,131.6808624267578,143.6826171875,5544.810699462891,0.09114274116649017,76
ADANIGREEN.NS,2019-10-11,2020-01-13,78.75,209.5500030517578,77302.80180358887,1.660952419704861,94
VAKRANGEE.NS,2019-11-08,2020-01-13,36.298831939697266,43.74123764038086,13202.827713012695,0.2050315479310066,66
UCOBANK.NS,2019-11-29,2020-01-14,17.140947341918945,15.595847129821777,-3678.883605003357,-0.090140887856213,46
MOTHERSON.NS,2019-11-15,2020-01-15,34.37727737426758,35.579010009765625,2241.2313652038574,0.03495717890671528,61
BALRAMCHIN.NS,2019-12-13,2020-01-24,162.620361328125,168.5269012451172,3425.7931518554688,0.036321035501048655,42
AVANTIFEED.NS,2019-12-27,2020-01-28,531.195068359375,615.3316650390625,12788.7626953125,0.15839114798175363,32
TIINDIA.NS,2019-11-15,2020-01-29,441.4975280761719,478.6659240722656,6950.490051269531,0.08418709875467538,75
ECLERX.NS,2020-01-10,2020-01-30,222.50328063964844,207.94419860839844,-4600.669921875,-0.06543311176983914,20
IEX.NS,2020-01-17,2020-01-30,55.111778259277344,48.05878829956055,-8188.521343231201,-0.12797609118209716,13
HINDCOPPER.NS,2020-01-10,2020-01-31,45.04515838623047,41.25495147705078,-5670.1495361328125,-0.0841423816668894,21
IRB.NS,2020-01-17,2020-02-03,4.673814296722412,4.841400146484375,2807.3981552124023,0.035856334702789795,17
ABREL.NS,2020-01-31,2020-02-03,627.4705200195312,547.6486206054688,-10696.134521484375,-0.12721219064057046,3
JINDALSAW.NS,2020-01-17,2020-02-07,44.217708587646484,40.0814323425293,-6105.143737792969,-0.0935434326479952,21
CARERATING.NS,2020-01-03,2020-02-10,566.2108154296875,508.8063049316406,-8151.440490722656,-0.10138363474121136,38
WOCKPHARMA.NS,2020-01-31,2020-02-14,325.5453796386719,317.8941650390625,-1507.2892761230469,-0.023502758995079528,14
JINDALSTEL.NS,2020-01-10,2020-02-24,173.8768768310547,172.1543731689453,-773.4041442871094,-0.009906456186138104,45
ADANIGREEN.NS,2020-01-17,2020-02-24,188.64999389648438,185.89999389648438,-830.5,-0.01457725994684619,38
WELCORP.NS,2020-01-17,2020-02-25,156.23715209960938,174.32205200195312,9856.270446777344,0.11575287733620283,39
ESCORTS.NS,2020-02-07,2020-02-26,828.9657592773438,790.71240234375,-4399.136047363281,-0.04614588299393857,19
EPL.NS,2019-11-22,2020-02-27,136.42776489257812,162.91262817382812,10991.21826171875,0.1941310355857836,97
RALLIS.NS,2020-01-24,2020-02-28,210.99822998046875,207.3411407470703,-1378.722640991211,-0.01733232185756705,35
INDOSTAR.NS,2020-01-31,2020-02-28,281.54998779296875,278.54998779296875,-684.0,-0.010655301474230503,28
STAR.NS,2020-02-07,2020-02-28,487.7022705078125,459.7358093261719,-4978.030090332031,-0.05734330732666259,21
HONAUT.NS,2020-02-14,2020-03-02,36152.8359375,31698.2734375,-8909.125,-0.12321474607693077,17
SHILPAMED.NS,2020-02-14,2020-03-03,224.31442260742188,213.7412567138672,-2452.9744873046875,-0.047135470696233576,18
CANFINHOME.NS,2020-01-31,2020-03-04,456.63531494140625,451.2581787109375,-924.867431640625,-0.011775559301975417,33
AUBANK.NS,2020-01-31,2020-03-11,529.0131225585938,511.666748046875,-2619.3025512695312,-0.0327900646921995,40
MASFIN.NS,2020-02-14,2020-03-17,363.2534484863281,308.6828308105469,-9277.005004882812,-0.1502273905538302,32
STLTECH.NS,2020-07-17,2020-07-22,149.99905395507812,130.4423370361328,-7001.304656982422,-0.1303789350884985,5
TATACOMM.NS,2020-07-17,2020-07-24,615.1529541015625,585.165771484375,-3268.6029052734375,-0.048747522737632144,7
HATHWAY.NS,2020-07-17,2020-07-27,43.70000076293945,46.54999923706055,2562.1486282348633,0.06521735524860871,10
SUZLON.NS,2020-07-17,2020-08-12,4.131961822509766,3.764677047729492,-3814.61967086792,-0.0888887145034616,26
BHARATRAS.NS,2020-07-17,2020-08-14,2305.22705078125,2480.2705078125,4025.99951171875,0.07593328256838176,28
DCAL.NS,2020-07-17,2020-08-28,173.0,185.4499969482422,3510.899139404297,0.07196530027885657,42
IRB.NS,2020-07-17,2020-08-31,5.768923282623291,5.7762131690979,56.94859313964844,0.001263647671753135,45
ITI.NS,2020-07-17,2020-08-31,125.9000015258789,133.85000610351562,2957.4017028808594,0.06314538904912233,45
HUDCO.NS,2020-07-17,2020-08-31,25.375255584716797,25.089736938476562,-560.4731025695801,-0.011251853022209508,45
PERSISTENT.NS,2020-07-17,2020-08-31,359.13873291015625,456.7281494140625,20201.009216308594,0.27173180601580965,45
IDEA.NS,2020-07-17,2020-09-01,8.899999618530273,8.850000381469727,-164.24749374389648,-0.005617892045348609,46
RAIN.NS,2020-07-17,2020-09-01,96.29253387451172,105.76863861083984,4728.576263427734,0.09840954802038307,46
EPL.NS,2020-08-14,2020-09-08,238.24972534179688,230.1598663330078,-1860.6675720214844,-0.03395537601222088,25
INTELLECT.NS,2020-07-31,2020-09-09,155.68923950195312,180.47677612304688,10162.890014648438,0.1592116237473354,40
SWSOLAR.NS,2020-07-17,2020-09-15,244.9499969482422,235.35000610351562,-2111.9979858398438,-0.03919163488193485,60
REPCOHOME.NS,2020-09-04,2020-09-18,160.69248962402344,154.75465393066406,-2660.150390625,-0.036951544575930646,14
DISHTV.NS,2020-09-04,2020-09-22,12.0,13.300000190734863,6094.400894165039,0.10833334922790527,18
ADANIGREEN.NS,2020-07-17,2020-09-23,347.29998779296875,588.25,28914.00146484375,0.6937806526807756,68
ZEEL.NS,2020-09-04,2020-09-23,203.6404571533203,177.45555114746094,-7645.9925537109375,-0.12858400718549182,19
LAURUSLABS.NS,2020-07-24,2020-09-24,142.81871032714844,252.9903564453125,62026.63676452637,0.7714090532381842,62
IDEA.NS,2020-09-11,2020-09-24,11.149999618530273,9.100000381469727,-6691.197509765625,-0.18385644010728366,13
ECLERX.NS,2020-08-28,2020-10-01,256.1867370605469,231.86900329589844,-6006.480239868164,-0.09492190752599816,34
AFFLE.NS,2020-09-04,2020-10-06,545.2000122070312,546.8800048828125,174.71923828125,0.003081424501405365,32
AARTIDRUGS.NS,2020-09-25,2020-10-12,724.7045288085938,870.2593383789062,13682.152099609375,0.20084710911025078,17
VINATIORGA.NS,2020-09-25,2020-10-12,1253.7618408203125,1176.30419921875,-3717.966796875,-0.06178018749628194,17
CAPLIPOINT.NS,2020-08-14,2020-10-15,534.8189086914062,520.12060546875,-1190.5625610351562,-0.027482766566013957,62
PERSISTENT.NS,2020-09-25,2020-10-22,581.3185424804688,562.1820678710938,-2066.7392578125,-0.03291908516752319,27
APOLLOHOSP.NS,2020-10-09,2020-10-23,2245.097412109375,2045.8377685546875,-7970.3857421875,-0.08875322847015073,14
AARTIDRUGS.NS,2020-10-16,2020-10-28,776.2596435546875,631.9202270507812,-9959.419738769531,-0.18594218790370176,12
BSOFT.NS,2020-09-25,2020-10-29,175.69009399414062,160.7769012451172,-4175.6939697265625,-0.08488351511452207,34
INDIAMART.NS,2020-09-04,2020-10-30,1921.41162109375,2275.009765625,10607.9443359375,0.18403039757299205,56
POLYMED.NS,2020-07-17,2020-11-02,380.3592224121094,468.7574157714844,12994.534423828125,0.2324071250298168,108
IFBIND.NS,2020-09-18,2020-11-02,632.3499755859375,694.5,5158.4520263671875,0.09828422046901178,45
LAURUSLABS.NS,2020-09-25,2020-11-03,260.08966064453125,285.2947082519531,5192.239807128906,0.09690907183684638,39
ADVENZYMES.NS,2020-10-09,2020-11-03,338.9863586425781,277.27105712890625,-9380.725830078125,-0.18205836294062652,25
SOLARA.NS,2020-10-16,2020-11-10,1179.0841064453125,974.1384887695312,-9632.444030761719,-0.17381764079040013,25
JUSTDIAL.NS,2020-10-23,2020-11-11,584.0499877929688,574.5,-840.39892578125,-0.016351319223644918,19
THYROCARE.NS,2020-10-16,2020-11-18,295.8434143066406,294.8465270996094,-171.464599609375,-0.003369644747264781,33
GRANULES.NS,2020-07-24,2020-12-07,296.69439697265625,385.6995544433594,20560.191375732422,0.2999893438463078,136
BLUEDART.NS,2020-09-11,2020-12-09,2848.855224609375,3810.782470703125,21162.3994140625,0.3376539593111988,89
ADANIGREEN.NS,2020-10-30,2020-12-09,856.4000244140625,1070.0999755859375,20087.79541015625,0.2495328644088791,40
MASFIN.NS,2020-09-04,2020-12-21,268.695068359375,299.8595886230469,6295.233093261719,0.11598471253662858,108
INTELLECT.NS,2020-09-18,2020-12-21,207.8453369140625,287.5648498535156,29655.658813476562,0.3835520879278356,94
AARTIDRUGS.NS,2020-10-30,2020-12-21,668.852294921875,690.5435180664062,1431.6207275390625,0.03243051314799612,52
HBLENGINE.NS,2020-11-06,2020-12-21,20.9510440826416,26.053871154785156,13854.175500869751,0.24355955970573126,45
CARERATING.NS,2020-11-13,2020-12-22,380.14508056640625,446.0270690917969,11726.993957519531,0.17330748678169972,39
SUZLON.NS,2021-01-01,2021-01-11,6.152032852172852,6.702960968017578,10086.391944885254,0.08955220641420061,10
KOTAKBANK.NS,2020-11-06,2021-01-12,341.5906982421875,378.4527893066406,11021.765228271484,0.10791304111658782,67
HINDCOPPER.NS,2021-01-01,2021-01-22,60.35176467895508,55.492523193359375,-4975.86328125,-0.08051531734730107,21
SCI.NS,2020-12-11,2021-01-25,78.40646362304688,78.31314086914062,-109.65423583984375,-0.0011902431201962617,45
LTTS.NS,2021-01-01,2021-01-25,2258.91845703125,2201.82470703125,-2283.75,-0.025274816725803645,24
VAKRANGEE.NS,2020-12-11,2021-01-27,44.253421783447266,53.34406280517578,11926.921020507812,0.20542233019207606,47
WOCKPHARMA.NS,2020-12-11,2021-01-27,477.27911376953125,448.33355712890625,-4110.26904296875,-0.060647021429482126,47
TATACHEM.NS,2020-12-11,2021-01-27,466.58984375,452.541259765625,-3146.8828125,-0.030109065108374425,47
JSL.NS,2020-10-23,2021-01-29,56.54890060424805,79.51117706298828,23214.861499786377,0.40606052838125856,98
LAURUSLABS.NS,2020-11-06,2021-01-29,271.0470886230469,339.1994934082031,13221.566528320312,0.2514411983961126,84
CHOLAFIN.NS,2020-11-13,2021-01-29,305.57000732421875,392.4811096191406,23118.35321044922,0.2844228825203602,77
HBLENGINE.NS,2021-01-01,2021-02-08,39.00720977783203,34.738494873046875,-5890.826568603516,-0.10943399769165457,38
IFBIND.NS,2021-01-29,2021-02-15,1375.6500244140625,1285.949951171875,-5651.1046142578125,-0.06520559128430496,17
TATAELXSI.NS,2021-01-29,2021-02-22,2522.765380859375,2500.44970703125,-602.523193359375,-0.00884571906584639,24
SOBHA.NS,2021-01-15,2021-02-26,471.7319641113281,429.5449523925781,-7635.84912109375,-0.08943004699336829,42
JKTYRE.NS,2021-01-29,2021-02-26,119.8192367553711,116.85317993164062,-1755.9056396484375,-0.02475442928906414,28
VAKRANGEE.NS,2021-01-29,2021-02-26,48.221927642822266,49.098690032958984,1128.393196105957,0.01818181962012925,28
INDIAMART.NS,2020-10-30,2021-03-02,2275.009765625,3898.6884765625,61699.791015625,0.7137018642605415,123
HINDCOPPER.NS,2021-02-26,2021-03-04,145.63143920898438,131.87979125976562,-7673.4195556640625,-0.09442774186612841,6
MMTC.NS,2021-01-15,2021-03-09,31.299999237060547,41.650001525878906,19602.904335021973,0.33067100770288554,53
TMPV.NS,2021-01-22,2021-03-09,281.89398193359375,307.077880859375,7781.824768066406,0.08933819286611754,46
CEATLTD.NS,2021-01-29,2021-03-10,1393.4036865234375,1490.4088134765625,5626.29736328125,0.06961738934045324,40
IDFCFIRSTB.NS,2021-01-29,2021-03-18,46.9082145690918,59.03279495239258,16950.163375854492,0.25847456558898246,48
BANKINDIA.NS,2021-02-26,2021-03-18,70.18267059326172,55.58434295654297,-12510.766784667969,-0.20800473269708183,20
MAHABANK.NS,2021-02-26,2021-03-18,20.5858097076416,16.48573112487793,-12796.34525680542,-0.1991701390906034,20
RCF.NS,2021-03-05,2021-03-18,80.74588775634766,65.53932189941406,-16179.786071777344,-0.18832619566732256,13
RVNL.NS,2021-01-15,2021-03-19,27.295820236206055,25.219432830810547,-5554.336309432983,-0.07606979337595873,63
KAJARIACER.NS,2021-01-29,2021-03-22,783.0618286132812,874.8203735351562,14773.125732421875,0.11717918249746584,52
IOB.NS,2021-02-26,2021-03-22,17.899999618530273,15.0,-10373.298635482788,-0.16201115532584495,24
IIFL.NS,2021-02-12,2021-03-25,228.28826904296875,273.9749755859375,15167.986572265625,0.20012726336967201,41
EDELWEISS.NS,2021-03-19,2021-03-26,39.16628646850586,32.6269416809082,-12522.845268249512,-0.1669636153240117,7
HINDCOPPER.NS,2021-03-05,2021-03-31,138.09962463378906,116.23302459716797,-10845.833618164062,-0.15833931550941346,26
3MINDIA.NS,2021-03-19,2021-04-07,25260.787109375,24861.80078125,-1595.9453125,-0.01579469105208225,19
ATGL.NS,2020-11-06,2021-04-08,239.45364379882812,991.6085815429688,276793.01708984375,3.141129639171612,153
ADANIENSOL.NS,2021-02-19,2021-04-09,770.1500244140625,973.5499877929688,19933.196411132812,0.2641043393248671,49
UPL.NS,2021-01-29,2021-04-12,527.4834594726562,554.6736450195312,5900.270263671875,0.05154699177497998,73
NFL.NS,2021-03-12,2021-04-12,57.55649948120117,49.5069694519043,-9884.822875976562,-0.13985440570314694,31
NBCC.NS,2021-03-12,2021-04-12,31.033802032470703,25.945261001586914,-12293.915130615234,-0.16396769643499184,31
BEML.NS,2021-03-19,2021-04-12,549.46875,478.6520080566406,-8002.291839599609,-0.12888220111400217,24
ADANIENT.NS,2021-03-26,2021-04-12,985.4645385742188,1071.317626953125,8327.749572753906,0.08711940919063356,17
CANFINHOME.NS,2021-03-26,2021-04-12,546.2946166992188,485.77972412109375,-10650.62109375,-0.11077336427688715,17
MMTC.NS,2021-03-12,2021-04-19,44.0,38.79999923706055,-7134.40104675293,-0.11818183552135121,38
IIFL.NS,2021-03-26,2021-04-22,267.5313720703125,235.45860290527344,-9108.666442871094,-0.11988414262163508,27
JUSTDIAL.NS,2021-03-19,2021-05-03,906.75,858.5499877929688,-2747.4006958007812,-0.05315689242573063,45
ICRA.NS,2021-03-26,2021-05-10,3297.36181640625,2982.3974609375,-8504.03759765625,-0.09552010759074822,45
VAIBHAVGBL.NS,2021-03-19,2021-05-12,707.3435668945312,794.6539306640625,7596.001647949219,0.12343416672728388,54
INTELLECT.NS,2021-04-09,2021-05-12,689.7174072265625,691.1295776367188,134.15618896484375,0.002047462330746093,33
DCAL.NS,2021-05-07,2021-05-12,184.14999389648438,164.25,-9611.697052001953,-0.10806404863456413,5
JINDALSTEL.NS,2021-04-16,2021-05-14,407.50091552734375,410.74908447265625,799.049560546875,0.007970948828689305,28
SAIL.NS,2021-04-16,2021-05-14,79.00151824951172,109.66203308105469,32500.145721435547,0.3881003240305761,28
JSWSTEEL.NS,2021-04-09,2021-05-24,584.4942016601562,641.390625,13086.177368164062,0.09734300730142258,45
ADANIENSOL.NS,2021-04-09,2021-05-26,973.5499877929688,1392.550048828125,34777.00506591797,0.43038371556557314,47
HEG.NS,2021-04-16,2021-05-28,397.705078125,403.11279296875,919.3115234375,0.01359729895641498,42
HINDCOPPER.NS,2021-04-16,2021-06-01,144.75677490234375,158.0225067138672,7508.404205322266,0.0916415264188692,46
PNBHOUSING.NS,2021-06-04,2021-06-09,686.3847045898438,662.8770141601562,-4772.0611572265625,-0.03424856392121203,5
ALKYLAMINE.NS,2021-05-14,2021-06-11,3601.925537109375,3512.39111328125,-1969.75732421875,-0.024857377784655247,28
GRAPHITE.NS,2021-04-16,2021-06-14,578.9102172851562,655.592529296875,8741.783569335938,0.1324597661643049,59
ADANIENT.NS,2021-04-16,2021-06-14,1155.6748046875,1497.1422119140625,21853.9140625,0.2954701494239956,59
ATGL.NS,2021-04-09,2021-06-16,1090.744384765625,1392.045654296875,19283.28125,0.27623453646840684,68
ADANIENSOL.NS,2021-05-28,2021-06-16,1444.9000244140625,1374.0999755859375,-5310.003662109375,-0.04899996375654843,19
ZYDUSLIFE.NS,2021-04-23,2021-06-17,550.1287231445312,597.6831665039062,10271.759765625,0.0864423931322004,55
DISHTV.NS,2021-05-14,2021-06-23,12.300000190734863,14.399999618530273,13135.49642086029,0.17073165814885616,40
PNBHOUSING.NS,2021-06-11,2021-06-24,667.0061645507812,543.2942504882812,-19051.634765625,-0.18547341934361003,13
VENKEYS.NS,2021-05-28,2021-06-28,2289.3779296875,3307.515380859375,42761.77294921875,0.4447223142886027,31
EIDPARRY.NS,2021-05-14,2021-07-01,389.447998046875,394.9197692871094,1143.6001892089844,0.01405006898912285,48
SAIL.NS,2021-05-14,2021-07-02,109.66203308105469,107.24713897705078,-1729.0641784667969,-0.02202124141013309,49
NMDC.NS,2021-05-14,2021-07-06,35.31925582885742,32.21990966796875,-9102.77967453003,-0.08775230644458727,53
HFCL.NS,2021-05-14,2021-07-15,36.8372688293457,77.68504333496094,86515.58640289307,1.1088708746256084,62
THYROCARE.NS,2021-06-25,2021-07-19,431.895263671875,392.7798156738281,-9700.631103515625,-0.09056697604297917,24
ANGELONE.NS,2021-07-02,2021-07-20,79.29237365722656,115.00355529785156,40567.90234375,0.4503734721702375,18
IOB.NS,2021-07-02,2021-07-20,27.450000762939453,23.350000381469727,-11566.101076126099,-0.14936248697687404,18
VENKEYS.NS,2021-07-02,2021-07-23,3473.921875,2989.55615234375,-13077.87451171875,-0.13942907759151896,21
HAPPSTMNDS.NS,2021-07-09,2021-07-26,1162.4423828125,1297.55517578125,16483.7607421875,0.11623181928539805,17
CRISIL.NS,2021-06-25,2021-07-28,2468.56640625,2664.744873046875,8239.49560546875,0.07947060540894656,33
MOTILALOFS.NS,2021-07-23,2021-08-03,1023.802001953125,869.2012939453125,-17469.880004882812,-0.15100645213906402,11
ECLERX.NS,2021-06-18,2021-08-09,585.9308471679688,695.7565307617188,19439.14599609375,0.18743796153518827,52
HFCL.NS,2021-07-16,2021-08-09,79.4675064086914,68.2281723022461,-10756.042739868164,-0.14143307893219687,24
RHIM.NS,2021-04-23,2021-08-10,303.07098388671875,343.05987548828125,10237.15625,0.1319456290032353,109
SAMMAANCAP.NS,2021-06-18,2021-08-10,243.865234375,221.0875701904297,-8313.847427368164,-0.09340267071256377,53
CDSL.NS,2021-07-23,2021-08-17,639.1544189453125,567.9931640625,-13307.154663085938,-0.1113365608896795,25
REDINGTON.NS,2021-06-18,2021-08-20,111.69404602050781,135.44985961914062,16605.313705444336,0.2126864810168223,63
ICIL.NS,2021-07-30,2021-08-20,251.40676879882812,222.3854522705078,-13204.699020385742,-0.11543570074496573,21
CAPLIPOINT.NS,2021-08-06,2021-08-20,876.23974609375,757.9800415039062,-15610.281005859375,-0.13496272580311713,14
ANGELONE.NS,2021-07-23,2021-08-23,118.51197052001953,97.31086730957031,-17787.725593566895,-0.17889419201639079,31
BSE.NS,2021-07-23,2021-08-23,121.21065521240234,110.04501342773438,-10227.72787475586,-0.09211765884032193,31
JSL.NS,2021-07-30,2021-08-23,158.9244384765625,126.17015075683594,-21159.26986694336,-0.20609975428390157,24
JSWENERGY.NS,2021-06-18,2021-08-24,152.67530822753906,210.43605041503906,39970.43359375,0.3783240581470875,67
LUXIND.NS,2021-06-11,2021-08-26,3495.531494140625,3880.388427734375,10391.13720703125,0.11009968991521471,76
ATGL.NS,2021-08-27,2021-09-07,1318.767578125,1332.2977294921875,1447.7261962890625,0.010259693665220695,11
CHAMBLFERT.NS,2021-05-28,2021-09-09,250.7552490234375,273.5528259277344,9392.601684570312,0.09091565178827439,104
BASF.NS,2021-08-13,2021-09-20,3599.30615234375,3314.831298828125,-10241.0947265625,-0.0790360256880022,38
HFCL.NS,2021-08-13,2021-09-20,68.4757308959961,70.10964965820312,2124.0943908691406,0.023861282542404664,38
JKPAPER.NS,2021-08-13,2021-09-20,243.7246856689453,215.88363647460938,-10412.55239868164,-0.11423155236787474,38
ADANIENSOL.NS,2021-08-27,2021-09-20,1433.699951171875,1729.3499755859375,28973.702392578125,0.20621471331738878,24
HAPPSTMNDS.NS,2021-08-20,2021-09-27,1366.7935791015625,1366.7452392578125,-4.447265625,-3.5367333069983644e-05,38
TECHM.NS,2021-08-13,2021-09-28,1161.8818359375,1187.838623046875,4905.832763671875,0.022340298562659747,46
KPITTECH.NS,2021-08-20,2021-10-01,322.073486328125,327.7945556640625,1704.878662109375,0.017763242175448543,42
MAXHEALTH.NS,2021-08-20,2021-10-04,327.5739440917969,350.7768859863281,8770.712036132812,0.07083268469005286,45
LINDEINDIA.NS,2021-08-27,2021-10-13,2357.510498046875,2565.4521484375,9357.374267578125,0.08820391279822434,47
DISHTV.NS,2021-09-17,2021-10-18,20.799999237060547,18.049999237060547,-12804.0,-0.13221154331102897,31
IDEA.NS,2021-09-17,2021-10-19,11.149999618530273,10.0,-7882.097385406494,-0.10313898276902897,32
IRCTC.NS,2021-09-24,2021-10-19,705.8128662109375,1043.6005859375,68570.90710449219,0.4785797141102442,25
ANGELONE.NS,2021-08-27,2021-10-20,99.06702423095703,126.87982177734375,23112.434761047363,0.28074727955435663,54
HATSUN.NS,2021-09-24,2021-10-20,1324.0830078125,1282.030029296875,-3574.503173828125,-0.031760077176052705,26
FLUOROCHEM.NS,2021-06-18,2021-10-21,1136.53515625,1892.714599609375,60494.35546875,0.6653374857794901,125
OIL.NS,2021-10-01,2021-10-21,131.78318786621094,114.36495208740234,-17749.182258605957,-0.13217342865079235,20
360ONE.NS,2021-08-20,2021-10-22,338.1065673828125,352.5467834472656,4014.3800659179688,0.04270906707382457,63
GUJALKALI.NS,2021-10-01,2021-10-22,676.2401733398438,641.4259643554688,-6266.5576171875,-0.051482018307834485,21
SUNTECK.NS,2021-09-24,2021-10-25,483.1163024902344,429.34893798828125,-15968.907257080078,-0.11129279683754818,31
JSWENERGY.NS,2021-08-27,2021-10-28,242.89332580566406,339.43658447265625,47016.566970825195,0.3974718463208629,62
INDIANB.NS,2021-10-22,2021-11-03,158.53114318847656,145.2840118408203,-11630.981323242188,-0.08356169697147033,12
GODREJPROP.NS,2021-10-01,2021-11-17,2222.556884765625,2211.51025390625,-673.844482421875,-0.0049702353784928655,47
GNFC.NS,2021-10-08,2021-11-17,402.1273498535156,366.20477294921875,-11279.689147949219,-0.08933134470307111,40
NETWORK18.NS,2021-10-22,2021-11-18,77.44999694824219,79.5,2304.2034301757812,0.02646872992296922,27
UNIONBANK.NS,2021-10-22,2021-11-22,41.18921661376953,36.78506851196289,-13569.18030166626,-0.1069247842974109,31
IDBI.NS,2021-10-22,2021-11-22,50.34757995605469,45.23711395263672,-8002.989761352539,-0.10150370698807333,31
TMPV.NS,2021-10-22,2021-11-26,478.25042724609375,448.3415222167969,-7208.046112060547,-0.06253816687947593,35
TATAPOWER.NS,2021-10-22,2021-11-29,214.59861755371094,211.3603057861328,-1272.6565246582031,-0.015090086807141814,38
IEX.NS,2021-10-22,2021-11-29,235.4781951904297,225.1302032470703,-4335.808624267578,-0.043944586610199815,38
IRCTC.NS,2021-10-22,2021-11-29,884.3682250976562,742.1151123046875,-13229.539489746094,-0.16085280854279954,38
CGPOWER.NS,2021-10-29,2021-11-29,144.521484375,146.7935028076172,1947.1197967529297,0.01572097354550983,31
APOLLOHOSP.NS,2021-11-26,2021-12-17,5611.08740234375,4722.306640625,-24885.861328125,-0.15839724067522215,21
THERMAX.NS,2021-11-26,2021-12-17,1656.90185546875,1608.5184326171875,-3290.07275390625,-0.029201139881561946,21
ELGIEQUIP.NS,2021-12-03,2021-12-17,290.93804931640625,283.9641418457031,-3047.5975646972656,-0.02397042080638526,14
ZEEL.NS,2021-09-24,2021-12-20,299.3547058105469,311.1824645996094,3642.94970703125,0.03951084970265326,87
WELCORP.NS,2021-11-26,2021-12-20,160.27117919921875,145.12632751464844,-12070.446792602539,-0.09449516600701555,24
IDEA.NS,2021-12-03,2021-12-20,14.449999809265137,13.649999618530273,-6340.801511764526,-0.055363335729728826,17
TTML.NS,2021-10-22,2021-12-22,48.04999923706055,162.1999969482422,307862.5438270569,2.3756503542905105,61
SFL.NS,2021-11-26,2021-12-27,1570.2762451171875,1509.5833740234375,-5098.201171875,-0.03865107893116002,31
LAOPALA.NS,2021-12-17,2022-01-12,355.15667724609375,363.3508605957031,2466.449188232422,0.0230720239111019,26
KPITTECH.NS,2021-11-26,2022-01-14,449.3417663574219,663.1039428710938,48524.014068603516,0.4757229185404459,49
TTML.NS,2021-12-24,2022-01-14,161.8000030517578,248.85000610351562,65374.55229187012,0.5380098974652775,21
RADICO.NS,2021-10-22,2022-01-18,1112.4625244140625,1132.101806640625,2337.0745849609375,0.01765388208192143,88
SUPRAJIT.NS,2021-11-26,2022-01-18,431.87347412109375,410.119873046875,-5786.4578857421875,-0.05037031069919154,53
CGPOWER.NS,2021-12-24,2022-01-18,176.0830535888672,179.1947479248047,2809.8599853515625,0.017671742240470984,25
TTML.NS,2022-01-14,2022-01-20,248.85000610351562,202.8000030517578,-26064.301727294922,-0.18505124340885937,6
BAJAJELEC.NS,2021-12-24,2022-01-21,1183.948486328125,1101.9337158203125,-8529.5361328125,-0.06927224575637705,28
TANLA.NS,2021-10-29,2022-01-24,1138.1763916015625,1660.92431640625,59070.51550292969,0.45928551027939796,87
BSE.NS,2021-12-17,2022-01-24,207.26715087890625,207.0924835205078,-83.84033203125,-0.0008427160679237838,38
NETWORK18.NS,2021-12-17,2022-01-24,90.80000305175781,82.0999984741211,-7995.3042068481445,-0.09581502516775844,38
ELGIEQUIP.NS,2021-12-17,2022-01-24,283.9641418457031,323.3026428222656,14043.844848632812,0.13853333988182834,38
UNOMINDA.NS,2021-12-24,2022-01-24,585.53515625,529.2736206054688,-12152.49169921875,-0.09608566632420928,31
KPRMILL.NS,2021-12-31,2022-01-24,654.1875610351562,627.699462890625,-6092.2625732421875,-0.04049006695055116,24
GREAVESCOT.NS,2022-01-14,2022-01-24,220.46046447753906,202.49024963378906,-11069.65234375,-0.08151218807570298,10
SUZLON.NS,2022-01-14,2022-01-24,11.202210426330566,10.192174911499023,-13817.285842895508,-0.09016394768459939,10
ESCORTS.NS,2021-12-03,2022-01-25,1797.6754150390625,1786.4522705078125,-1111.09130859375,-0.006243142915210935,53
TTML.NS,2022-01-21,2022-01-31,192.6999969482422,149.1999969482422,-23577.0,-0.22573949501246635,10
SHARDACROP.NS,2022-01-28,2022-02-11,569.3182983398438,531.2240600585938,-9942.59619140625,-0.0669120216095889,14
POWERINDIA.NS,2022-01-28,2022-02-11,3213.78076171875,2817.2822265625,-17842.43408203125,-0.12337448150763095,14
TANLA.NS,2022-01-28,2022-02-11,1581.5308837890625,1453.46630859375,-9476.778564453125,-0.08097507074189592,14
MINDACORP.NS,2021-11-12,2022-02-14,164.2001495361328,178.25624084472656,11455.714416503906,0.08560340138728471,94
POONAWALLA.NS,2022-01-21,2022-02-14,275.8448181152344,240.14666748046875,-17028.017852783203,-0.12941388886215255,24
PRAJIND.NS,2022-01-21,2022-02-14,397.0889587402344,331.3968505859375,-26276.84326171875,-0.16543423509609845,24
AFFLE.NS,2022-01-21,2022-02-14,1379.0999755859375,1165.0,-23550.997314453125,-0.15524616008710532,24
GREAVESCOT.NS,2022-01-28,2022-02-14,201.8157501220703,170.45216369628906,-11479.072631835938,-0.1554070304562982,17
TATAELXSI.NS,2022-01-28,2022-02-14,6821.80810546875,6563.68115234375,-5936.919921875,-0.03783849518107534,17
KPITTECH.NS,2022-01-28,2022-02-14,620.00244140625,524.4560546875,-14140.865234375,-0.15410646851976548,17
TTML.NS,2022-02-04,2022-02-14,164.0,147.35000610351562,-10739.246063232422,-0.10152435302734375,10
IRB.NS,2022-02-11,2022-02-22,13.963030815124512,11.498966217041016,-23770.831177711487,-0.17647061234115907,11
BANDHANBNK.NS,2022-01-28,2022-02-24,306.9855651855469,281.9967041015625,-14843.383483886719,-0.08140076901948376,27
INGERRAND.NS,2022-01-28,2022-02-24,1301.9315185546875,1162.460205078125,-16876.028930664062,-0.10712645902558202,27
TTML.NS,2022-02-18,2022-02-24,144.60000610351562,117.8499984741211,-20142.755744934082,-0.18499312932424672,6
BSE.NS,2022-02-18,2022-02-24,239.5016326904297,198.43983459472656,-21105.764221191406,-0.17144683998366717,6
ADANIGREEN.NS,2022-01-21,2022-02-28,1934.550048828125,1843.4000244140625,-9844.20263671875,-0.047116912001980836,38
CHOLAFIN.NS,2022-01-28,2022-03-07,634.1052856445312,602.806884765625,-8669.657043457031,-0.04935836616957583,38
SCHNEIDER.NS,2022-02-18,2022-03-07,123.69999694824219,104.0999984741211,-20089.99843597412,-0.15844784929398187,17
ELGIEQUIP.NS,2022-02-18,2022-03-08,386.6076965332031,313.0382995605469,-18539.488037109375,-0.1902947034742695,18
TTML.NS,2022-03-25,2022-03-29,167.5500030517578,151.25,-15354.60287475586,-0.09728440916066462,4
KPITTECH.NS,2022-02-18,2022-04-12,545.346923828125,553.7517700195312,1647.349853515625,0.015411925554484607,53
LINDEINDIA.NS,2022-03-25,2022-04-18,3416.2392578125,3490.295654296875,2814.14306640625,0.021677754658142735,24
INTELLECT.NS,2022-03-25,2022-04-19,836.446044921875,808.0547485351562,-5138.824645996094,-0.0339427707968546,25
BSE.NS,2022-03-25,2022-04-20,281.3149719238281,267.70880126953125,-4748.553558349609,-0.04836632249342573,26
BCG.NS,2022-04-08,2022-04-22,102.65967559814453,86.78958129882812,-23043.376922607422,-0.15458936731340345,14
VEDL.NS,2022-02-18,2022-04-25,192.8024139404297,220.4998016357422,23404.292602539062,0.14365685122526622,66
BALRAMCHIN.NS,2022-03-25,2022-04-25,465.8260498046875,448.6453857421875,-4071.8173828125,-0.03688214531948899,31
GAEL.NS,2022-03-25,2022-04-27,123.26512145996094,163.8922119140625,31689.13055419922,0.3295911282357198,33
SHARDACROP.NS,2022-02-11,2022-04-29,531.2240600585938,591.65966796875,9730.132873535156,0.11376669931608563,77
GNFC.NS,2022-02-18,2022-05-06,469.43408203125,684.5413208007812,59154.490661621094,0.45822671809161836,77
RHIM.NS,2022-02-18,2022-05-06,542.010498046875,546.0648193359375,908.16796875,0.007480152697544002,77
POLYPLEX.NS,2022-03-25,2022-05-06,2000.9434814453125,2305.329345703125,24046.483276367188,0.15212117037806078,42
JKPAPER.NS,2022-03-25,2022-05-09,279.75152587890625,289.2785339355469,4210.937561035156,0.03405524966024494,45
GUJALKALI.NS,2022-03-25,2022-05-09,742.6119384765625,805.4060668945312,11930.884399414062,0.08455846878355915,45
CREDITACC.NS,2022-02-11,2022-05-10,756.20361328125,916.2842407226562,29134.674194335938,0.2116898473240546,88
ASTERDM.NS,2022-07-29,2022-08-12,173.1782989501953,163.2467803955078,-9901.723999023438,-0.05734851661491215,14
ANURAS.NS,2022-07-29,2022-08-16,791.7921752929688,743.2720336914062,-9509.94775390625,-0.061278884934180745,18
AEGISLOG.NS,2022-07-29,2022-08-18,245.83355712890625,241.5123748779297,-3137.1783142089844,-0.01757767451052539,20
ITI.NS,2022-07-29,2022-08-29,116.75,112.69999694824219,-3960.9029846191406,-0.03468953363389989,31
GSFC.NS,2022-07-29,2022-09-06,136.92947387695312,135.15286254882812,-2085.74169921875,-0.01297464510614778,39
TIMKEN.NS,2022-07-29,2022-09-15,2934.169189453125,3102.055908203125,11416.296875,0.05721780439705693,48
CEATLTD.NS,2022-07-29,2022-09-16,1214.940185546875,1539.45751953125,38942.080078125,0.26710560556386703,49
KARURVYSYA.NS,2022-07-29,2022-09-19,46.83413314819336,67.44115447998047,79728.56553268433,0.4400000586448781,52
CANFINHOME.NS,2022-07-29,2022-09-19,569.1614990234375,564.6010131835938,-1605.291015625,-0.008012639378574611,52
JKPAPER.NS,2022-08-19,2022-09-21,388.20208740234375,369.5101318359375,-7439.3983154296875,-0.04815006454881159,33
TATAINVEST.NS,2022-09-16,2022-09-21,267.4708557128906,239.1926727294922,-17475.917083740234,-0.10572435231505331,5
JSWENERGY.NS,2022-08-12,2022-09-23,314.1673889160156,313.2348937988281,-451.32763671875,-0.0029681473955808254,42
ADANIENSOL.NS,2022-07-29,2022-09-26,3109.60009765625,3713.0,28963.1953125,0.19404421256564183,59
ATGL.NS,2022-07-29,2022-09-26,3122.91650390625,3366.4326171875,12906.35400390625,0.07797714507469276,59
BEL.NS,2022-07-29,2022-09-26,87.57823944091797,96.66381072998047,24231.218627929688,0.10374233767500896,59
MTARTECH.NS,2022-08-19,2022-09-26,1601.550048828125,1539.5999755859375,-6690.60791015625,-0.0386813220651563,38
VAKRANGEE.NS,2022-09-16,2022-09-27,37.99512481689453,32.208274841308594,-18245.93797302246,-0.15230506554390408,11
MAZDOCK.NS,2022-09-09,2022-10-11,201.7285919189453,278.0648498535156,49389.55888366699,0.3784107012715494,32
SUZLON.NS,2022-09-09,2022-10-11,8.81485366821289,7.099999904632568,-18966.282625198364,-0.19454137619598047,32
INDIACEM.NS,2022-09-23,2022-10-19,253.39999389648438,228.14999389648438,-12675.5,-0.09964483270790762,26
RENUKA.NS,2022-09-30,2022-10-25,59.29999923706055,57.25,-3954.448528289795,-0.03456997071560441,25
KPITTECH.NS,2022-09-30,2022-11-09,643.3633422851562,658.3773193359375,4023.745849609375,0.02333669959723419,40
HBLENGINE.NS,2022-10-21,2022-11-14,108.66172790527344,97.74593353271484,-12836.974182128906,-0.10045666108010456,24
SHOPERSTOP.NS,2022-09-30,2022-11-15,748.1500244140625,702.0499877929688,-8759.006958007812,-0.06161870629784241,46
BAJAJHLDNG.NS,2022-09-23,2022-11-18,6548.1787109375,6290.162109375,-6450.4150390625,-0.03940280388675584,56
KALYANKJIL.NS,2022-09-30,2022-11-18,95.13507080078125,97.3084487915039,2894.939483642578,0.0228451818286218,49
ADANIENSOL.NS,2022-09-30,2022-11-21,3289.800048828125,3018.699951171875,-10030.70361328125,-0.0824062537639088,52
ALLCARGO.NS,2022-09-16,2022-11-29,95.60022735595703,103.58885955810547,9162.961135864258,0.08356289961951278,74
TATAINVEST.NS,2022-09-23,2022-11-29,234.9685821533203,227.25985717773438,-3738.7316131591797,-0.03280747113056964,67
IRFC.NS,2022-11-25,2022-12-08,30.128402709960938,30.50737762451172,2584.987892150879,0.012578659353404287,13
RVNL.NS,2022-11-18,2022-12-09,60.64039611816406,64.622314453125,8760.220336914062,0.06566445125460195,21
EASEMYTRIP.NS,2022-12-02,2022-12-09,32.06881332397461,26.158775329589844,-22269.023162841797,-0.1842923819686969,7
AMBUJACEM.NS,2022-09-23,2022-12-16,530.03759765625,546.4493408203125,4513.2293701171875,0.030963356630987815,84
BANKINDIA.NS,2022-11-11,2022-12-19,66.34501647949219,80.08538055419922,37181.42518615723,0.20710469005542104,38
COCHINSHIP.NS,2022-10-14,2022-12-21,247.62112426757812,286.83319091796875,20351.062591552734,0.1583550949716966,68
UNIONBANK.NS,2022-11-18,2022-12-21,65.43762969970703,71.90169525146484,17582.25830078125,0.09878208580325079,33
RCF.NS,2022-12-09,2022-12-21,120.95858764648438,118.27334594726562,-3651.9287109375,-0.022199678017626026,12
KRBL.NS,2022-09-23,2022-12-22,364.2476806640625,375.7158203125,3692.740966796875,0.031484454829004964,90
MAZDOCK.NS,2022-10-14,2022-12-22,300.6924743652344,384.5220947265625,30765.470672607422,0.27878855477940884,69
JKLAKSHMI.NS,2022-09-23,2022-12-23,553.4877319335938,768.7169799804688,44121.995849609375,0.3888600155508013,91
KARURVYSYA.NS,2022-09-23,2022-12-23,67.2020034790039,81.5113296508789,24254.307861328125,0.21293005313964633,91
CANBK.NS,2022-10-28,2022-12-23,50.38661193847656,51.034278869628906,2558.284378051758,0.012853948821626722,56
ARE&M.NS,2022-11-18,2022-12-23,614.9732666015625,581.3487548828125,-14492.16455078125,-0.05467637951900618,35
IRFC.NS,2022-12-09,2022-12-23,29.417827606201172,26.38603973388672,-13267.103729248047,-0.10305954310764141,14
FACT.NS,2022-12-16,2022-12-23,267.6667175292969,242.2007598876953,-13726.151168823242,-0.09514054596202923,7
CENTRALBK.NS,2022-12-16,2022-12-23,35.99906539916992,28.33661460876465,-24504.517627716064,-0.21285138115229948,7
JKLAKSHMI.NS,2022-12-23,2023-01-10,768.7169799804688,718.04345703125,-9222.581176757812,-0.06591960925659043,18
COCHINSHIP.NS,2022-12-23,2023-01-10,238.412109375,233.3517303466797,-2439.1026916503906,-0.021225343970933994,18
FACT.NS,2022-12-23,2023-01-16,242.2007598876953,304.24603271484375,21033.34748840332,0.2561729073679119,24
BANKINDIA.NS,2022-12-23,2023-01-23,68.83517456054688,77.90647888183594,12282.54605102539,0.1317829783857091,31
IOB.NS,2022-12-23,2023-01-24,26.200000762939453,29.149999618530273,8174.446828842163,0.11259537288883084,32
MAZDOCK.NS,2022-12-23,2023-01-24,340.2400207519531,368.441650390625,9137.328002929688,0.08288745567421608,32
KALYANKJIL.NS,2022-12-23,2023-01-24,106.39716339111328,117.46167755126953,12237.352661132812,0.10399256716537993,32
MAHABANK.NS,2022-12-23,2023-01-24,23.029956817626953,26.162382125854492,10543.743587493896,0.13601524887923389,32
CENTRALBK.NS,2022-12-23,2023-01-25,28.33661460876465,28.6739559173584,845.7146606445312,0.011904785142873374,33
RHIM.NS,2022-12-02,2023-01-27,804.318359375,771.4610595703125,-6472.8880615234375,-0.040851112524920415,56
RVNL.NS,2022-12-23,2023-01-27,60.59241485595703,69.94754028320312,15679.190216064453,0.15439433218638854,35
UNIONBANK.NS,2022-12-23,2023-01-27,59.81477737426758,66.32311248779297,9482.644260406494,0.10880814740481318,35
GICRE.NS,2022-12-23,2023-01-27,138.0127716064453,153.18531799316406,10635.955017089844,0.10993581398382829,35
UCOBANK.NS,2023-01-13,2023-01-27,29.018898010253906,27.425514221191406,-5392.0107421875,-0.05490848716927409,14
MFSL.NS,2023-01-27,2023-02-01,838.2000122070312,752.9500122070312,-26853.75,-0.10170603526422244,5
OIL.NS,2023-01-27,2023-02-03,138.21774291992188,125.0376205444336,-26782.008666992188,-0.09535767331350754,7
GODFRYPHLP.NS,2023-01-13,2023-02-06,639.104736328125,564.4973754882812,-15965.975219726562,-0.11673729922342388,24
FACT.NS,2023-01-20,2023-02-07,317.5521240234375,263.9788818359375,-16179.119140625,-0.1687069244214721,18
RAJESHEXPO.NS,2023-01-27,2023-02-07,841.7999877929688,850.2000122070312,1394.404052734375,0.009978646395666606,11
MAZDOCK.NS,2023-01-27,2023-02-09,350.3450622558594,349.1791076660156,-624.95166015625,-0.003328017761506927,13
KARURVYSYA.NS,2022-12-23,2023-02-10,81.5113296508789,82.90638732910156,2402.289321899414,0.01711489291363331,49
RVNL.NS,2023-01-27,2023-02-13,69.94754028320312,66.44536590576172,-8492.77286529541,-0.05006858516056214,17
MAHABANK.NS,2023-01-27,2023-02-16,24.485872268676758,23.91233253479004,-3216.4108276367188,-0.02342329191271704,20
UCOBANK.NS,2023-01-27,2023-02-17,27.425514221191406,25.25271987915039,-10831.379795074463,-0.07922529089216203,21
UNIONBANK.NS,2023-01-27,2023-02-20,66.32311248779297,62.33841323852539,-11456.010341644287,-0.06008010028179811,24
IOB.NS,2023-01-27,2023-02-20,27.200000762939453,25.200000762939453,-10166.0,-0.07352940970226149,24
BANKINDIA.NS,2023-01-27,2023-02-21,69.27984619140625,63.05445098876953,-12282.704734802246,-0.08985867528396652,25
FACT.NS,2023-02-10,2023-02-22,271.8529052734375,225.20684814453125,-16745.934509277344,-0.17158564879778754,12
ZENSARTECH.NS,2023-02-10,2023-03-03,246.36463928222656,252.88992309570312,5207.176483154297,0.02648628404014356,21
PERSISTENT.NS,2023-02-03,2023-03-13,2368.96044921875,2257.15380859375,-10733.4375,-0.04719649948646136,38
KEI.NS,2023-02-03,2023-03-13,1672.4993896484375,1575.1136474609375,-13731.3896484375,-0.05822766979183811,38
KPITTECH.NS,2023-02-10,2023-03-13,835.495361328125,774.2090454101562,-14647.429504394531,-0.07335326891647422,31
FACT.NS,2023-02-24,2023-03-13,230.29005432128906,218.92755126953125,-4669.988754272461,-0.04933996426917083,17
EQUITASBNK.NS,2023-02-24,2023-03-13,65.63057708740234,62.94280242919922,-6703.309997558594,-0.04095308585545011,17
UCOBANK.NS,2023-02-17,2023-03-14,25.25271987915039,23.94904136657715,-6418.009317398071,-0.05162527121086901,25
PAYTM.NS,2023-02-17,2023-03-14,626.8499755859375,579.5,-8949.145385742188,-0.07553637621454465,25
JSL.NS,2022-12-23,2023-03-17,203.2333526611328,287.0040283203125,58136.8489074707,0.41218960649070835,84
TORNTPOWER.NS,2023-02-24,2023-03-24,473.943603515625,479.8595275878906,2963.877960205078,0.012482337620726194,28
RATNAMANI.NS,2023-02-10,2023-03-27,2113.64306640625,2004.73046875,-9584.30859375,-0.05152837741967006,45
POLICYBZR.NS,2023-02-17,2023-04-19,484.79998779296875,582.75,24389.55303955078,0.202042109474764,61
INGERRAND.NS,2023-04-21,2023-05-08,2605.000244140625,2392.010986328125,-14057.291015625,-0.08176170358969159,17
APARINDS.NS,2023-04-21,2023-05-09,2763.538330078125,2534.148193359375,-13534.01806640625,-0.08300595443967125,18
RVNL.NS,2023-04-21,2023-05-10,76.1536865234375,119.73324584960938,121064.01580810547,0.5722580391792271,19
DATAPATTNS.NS,2023-04-21,2023-05-15,1668.7523193359375,1521.798095703125,-13813.697021484375,-0.08806233371486273,24
FACT.NS,2023-04-21,2023-05-16,330.6588439941406,309.4289245605469,-7515.3914794921875,-0.06420490429697973,25
JBMA.NS,2023-04-21,2023-05-17,403.876708984375,376.82049560546875,-11850.621459960938,-0.06699126930826058,26
GODREJPROP.NS,2023-04-21,2023-05-18,1266.428466796875,1302.8524169921875,6956.9744873046875,0.028761158762830155,27
AUROPHARMA.NS,2023-04-21,2023-05-19,583.31396484375,585.2481079101562,895.5082397460938,0.003315783922513052,28
FINCABLES.NS,2023-02-24,2023-05-25,700.432861328125,817.341796875,25953.78369140625,0.1669095526517677,90
GVT&D.NS,2023-04-21,2023-05-25,141.47064208984375,187.36778259277344,57738.60275268555,0.3244287282854191,34
GSFC.NS,2023-05-12,2023-05-26,153.49606323242188,140.022216796875,-16249.458801269531,-0.0877797524692535,14
CEATLTD.NS,2023-05-19,2023-05-30,1802.5316162109375,1845.855224609375,4808.9205322265625,0.024034867410263304,11
OIL.NS,2023-03-03,2023-06-01,154.30320739746094,152.97952270507812,-1667.8427124023438,-0.008578465183638131,90
ANURAS.NS,2023-04-21,2023-06-06,1056.142822265625,1098.0638427734375,6875.04736328125,0.03969256773234895,46
ADANIENT.NS,2023-05-26,2023-06-23,2539.729248046875,2229.493408203125,-18614.150390625,-0.12215311536941598,28
INDIGOPNTS.NS,2023-05-26,2023-06-23,1489.5272216796875,1404.3489990234375,-13884.05029296875,-0.05718473715451639,28
BCG.NS,2023-06-02,2023-06-23,20.549999237060547,31.399999618530273,93754.8532962799,0.5279805734446198,21
CREDITACC.NS,2023-05-26,2023-06-30,1204.0028076171875,1237.83447265625,6123.5313720703125,0.028099324042290166,35
DIXON.NS,2023-06-09,2023-07-05,4068.613525390625,4200.12646484375,7759.263427734375,0.032323772860804845,26
INTELLECT.NS,2023-05-19,2023-07-10,534.4203491210938,575.6235961914062,19447.9326171875,0.07709894867977099,52
RVNL.NS,2023-05-12,2023-07-11,118.30844116210938,118.848876953125,502.0648498535156,0.004568023935630303,60
BCG.NS,2023-06-23,2023-07-11,31.399999618530273,27.649999618530273,-21446.25,-0.11942675304323856,18
OLECTRA.NS,2023-07-14,2023-07-25,1372.5458984375,1081.0802001953125,-35850.28088378906,-0.21235406304007082,11
SUZLON.NS,2023-06-02,2023-07-27,11.0,17.850000381469727,94817.70528030396,0.6227273074063387,55
TANLA.NS,2023-06-23,2023-08-02,942.985107421875,1092.6412353515625,26489.134643554688,0.158704656894156,40
JBMA.NS,2023-07-07,2023-08-04,671.427001953125,654.9493408203125,-3509.7418212890625,-0.024541254797439425,28
FACT.NS,2023-06-30,2023-08-10,432.9712219238281,451.9585876464844,6341.7801513671875,0.04385364375555811,41
MAZDOCK.NS,2023-06-23,2023-08-11,569.8846435546875,845.9486083984375,67359.607421875,0.48442078228636853,49
BSE.NS,2023-07-14,2023-08-16,246.0774688720703,276.8106994628906,30979.096435546875,0.12489250125860882,33
CHOLAHLDNG.NS,2023-05-19,2023-08-18,832.0787963867188,900.6470947265625,15976.413513183594,0.08240601567736117,91
GVT&D.NS,2023-08-18,2023-08-30,349.22607421875,315.8102111816406,-18946.794342041016,-0.09568547569611935,12
ENGINERSIN.NS,2023-05-12,2023-09-12,93.05818939208984,140.05194091796875,91120.8842086792,0.5049931857998677,123
ZENSARTECH.NS,2023-05-19,2023-09-12,332.22607421875,485.5175476074219,83083.97857666016,0.4614071118564254,116
BSOFT.NS,2023-05-19,2023-09-12,317.4298400878906,474.1886291503906,118039.3681640625,0.49383759579470005,116
HEG.NS,2023-06-23,2023-09-12,298.01446533203125,334.8882751464844,20649.33349609375,0.12373161072356123,81
POLYCAB.NS,2023-07-28,2023-09-12,4675.52978515625,4869.2705078125,12205.66552734375,0.04143717002324164,46
SAMMAANCAP.NS,2023-08-11,2023-09-12,142.69918823242188,146.8087921142578,6505.502944946289,0.028799069796685905,32
HBLENGINE.NS,2023-08-18,2023-09-12,262.67364501953125,242.47940063476562,-14196.553802490234,-0.07687959857283767,25
COCHINSHIP.NS,2023-09-01,2023-09-12,442.07733154296875,518.5709838867188,36181.49755859375,0.17303228843869145,11
KALYANKJIL.NS,2023-07-07,2023-09-13,160.58364868164062,221.24777221679688,72978.94061279297,0.37777273111675114,68
IRFC.NS,2023-08-11,2023-09-13,46.329524993896484,74.75254821777344,133048.17171096802,0.6134969704010874,33
ZEEL.NS,2023-07-28,2023-09-20,232.63026428222656,251.08697509765625,16647.953155517578,0.07933925051573704,54
SJVN.NS,2023-09-15,2023-09-26,71.08390808105469,65.1631088256836,-15299.345275878906,-0.0832931026895679,11
CHOLAHLDNG.NS,2023-09-15,2023-09-26,1150.2391357421875,1153.6329345703125,811.117919921875,0.0029505158733233016,11
TTML.NS,2023-09-15,2023-10-09,107.9000015258789,94.75,-27878.00323486328,-0.12187211621795009,24
JYOTHYLAB.NS,2023-08-04,2023-10-18,313.05755615234375,350.560791015625,24939.65118408203,0.11979661287916968,75
MMTC.NS,2023-09-15,2023-10-19,61.599998474121094,70.5999984741211,22239.0,0.14610389972300095,34
MAZDOCK.NS,2023-09-15,2023-10-19,1102.798583984375,1037.901611328125,-12135.73388671875,-0.05884752991047502,34
IOB.NS,2023-09-22,2023-10-19,43.849998474121094,41.54999923706055,-8227.097270965576,-0.05245152376499933,27
CENTRALBK.NS,2023-09-29,2023-10-20,49.444496154785156,45.155452728271484,-12871.41932296753,-0.0867446077938967,21
ITI.NS,2023-09-15,2023-10-23,196.5500030517578,264.8999938964844,67529.79095458984,0.3477486124827373,38
RVNL.NS,2023-09-15,2023-10-23,167.1941680908203,155.34780883789062,-12071.440078735352,-0.07085390231132173,38
COCHINSHIP.NS,2023-09-15,2023-10-23,538.6919555664062,475.8970947265625,-19717.586303710938,-0.11656914529903878,38
NMDC.NS,2023-09-15,2023-10-23,44.785400390625,45.158851623535156,2527.8913955688477,0.008338682464661662,38
HBLENGINE.NS,2023-09-15,2023-10-23,264.12115478515625,264.12115478515625,0.0,0.0,38
GVT&D.NS,2023-09-29,2023-10-23,440.22479248046875,372.59735107421875,-28741.66259765625,-0.15362024711329814,24
IRFC.NS,2023-09-15,2023-10-25,75.83222198486328,67.18343353271484,-19304.095825195312,-0.11405162905387112,40
KAYNES.NS,2023-10-13,2023-10-25,2668.550048828125,2311.85009765625,-29249.39599609375,-0.13366807616312734,12
MMTC.NS,2023-10-20,2023-11-16,63.54999923706055,52.25,-23741.29839706421,-0.17781273599875527,27
SUZLON.NS,2023-10-27,2023-11-22,32.099998474121094,37.349998474121094,33169.5,0.16355140964360268,26
FACT.NS,2023-10-20,2023-11-24,711.1113891601562,699.9270629882812,-3221.0859375,-0.015727952529468025,35
IDEA.NS,2023-09-15,2023-11-30,11.699999809265137,13.050000190734863,19992.15564918518,0.1153846498698805,76
KALYANKJIL.NS,2023-10-20,2023-12-11,297.3419189453125,315.32513427734375,13253.629699707031,0.06047991953444931,52
PCBL.NS,2023-10-20,2023-12-20,190.39353942871094,231.00767517089844,50442.756591796875,0.21331677463454402,61
HBLENGINE.NS,2023-10-27,2023-12-20,275.4036865234375,407.56365966796875,87754.22216796875,0.4798772841890921,54
RECLTD.NS,2023-10-27,2023-12-20,239.43728637695312,358.514404296875,125507.28228759766,0.4973206960442046,54
BSE.NS,2023-09-15,2023-12-27,419.5584411621094,747.1267700195312,134958.1514892578,0.7807454140360287,103
NIACL.NS,2023-12-01,2024-01-02,225.5261688232422,208.36181640625,-17284.502883911133,-0.07610802997520379,32
NLCINDIA.NS,2023-12-22,2024-01-05,215.4763641357422,216.67933654785156,1296.8042602539062,0.0055828508938063695,14
ANGELONE.NS,2023-10-27,2024-01-16,243.42564392089844,319.65576171875,69750.55778503418,0.3131556584179055,81
ATGL.NS,2023-12-15,2024-01-16,1045.9189453125,1025.0396728515625,-3528.5970458984375,-0.019962610443679443,32
CDSL.NS,2023-11-17,2024-01-18,866.4122924804688,886.6219482421875,6406.460876464844,0.023325679860635554,62
PRESTIGE.NS,2023-10-20,2024-01-23,741.2998657226562,1132.6300048828125,136574.21856689453,0.5278972211584957,95
ITI.NS,2023-10-27,2024-01-23,272.6499938964844,330.8999938964844,25338.75,0.2136438705445762,88
IRFC.NS,2023-10-27,2024-01-23,68.76026916503906,155.82017517089844,266751.5520019531,1.2661367831021335,88
IRCON.NS,2023-10-27,2024-01-23,135.72630310058594,221.29603576660156,102854.81866455078,0.6304579931172252,88
NBCC.NS,2024-02-02,2024-02-09,109.8422622680664,96.36028289794922,-34648.68698120117,-0.12273945466650044,7
RTNINDIA.NS,2023-11-24,2024-02-12,78.0,78.3499984741211,1107.7451705932617,0.004487159924629407,80
HUDCO.NS,2023-12-22,2024-02-12,97.90106964111328,167.01589965820312,156890.66413879395,0.7059660356158689,52
HINDCOPPER.NS,2023-12-29,2024-02-12,271.0294189453125,238.642578125,-33066.96447753906,-0.11949566562310131,45
NATIONALUM.NS,2024-01-05,2024-02-12,115.04220581054688,128.60296630859375,29562.457885742188,0.11787639503695649,38
NETWORK18.NS,2024-01-19,2024-02-12,127.0999984741211,106.25,-35903.69737243652,-0.1640440497595,24
IRFC.NS,2024-02-02,2024-02-12,163.21029663085938,128.43328857421875,-46427.305755615234,-0.21308096838582108,10
RVNL.NS,2024-02-02,2024-02-12,290.06463623046875,226.1037139892578,-48610.30090332031,-0.2205057571733469,10
HBLENGINE.NS,2023-12-22,2024-02-13,440.665771484375,520.9359130859375,38288.85754394531,0.18215651588089976,53
EIHOTEL.NS,2024-02-16,2024-02-20,390.29443359375,393.8542175292969,2292.5008544921875,0.009120765322654297,4
NBCC.NS,2024-02-09,2024-03-11,96.36028289794922,78.84024047851562,-37177.530014038086,-0.1818180882468794,31
SOBHA.NS,2024-01-19,2024-03-12,1441.2457275390625,1388.601318359375,-9107.482788085938,-0.03652701837984159,53
UCOBANK.NS,2024-02-16,2024-03-12,58.5206413269043,49.87774658203125,-25626.182918548584,-0.14768967921237663,25
IRB.NS,2024-02-16,2024-03-12,33.00117111206055,27.812458038330078,-31319.07211303711,-0.15722814975600097,25
ADANIGREEN.NS,2023-12-15,2024-03-13,1526.6500244140625,1725.0,26975.5966796875,0.12992498111154546,89
CASTROLIND.NS,2024-01-05,2024-03-13,160.93685913085938,163.75807189941406,4877.876876831055,0.017529935552307075,68
IOB.NS,2024-02-16,2024-03-13,68.30000305175781,56.54999923706055,-29880.259700775146,-0.17203518725750422,26
IOC.NS,2024-02-16,2024-03-13,166.86122131347656,145.75819396972656,-36128.3828125,-0.12647053148499046,26
KPIL.NS,2024-02-16,2024-03-13,938.2490234375,972.0284423828125,11214.76708984375,0.036002615618563084,26
MRPL.NS,2024-02-23,2024-03-13,238.3877716064453,183.26332092285156,-42335.578125,-0.23123858372483458,19
SPARC.NS,2024-01-19,2024-03-15,374.1499938964844,345.75,-16926.396362304688,-0.07590537046578642,56
BPCL.NS,2024-02-16,2024-03-15,291.90362548828125,261.51373291015625,-32851.473876953125,-0.10410933583743731,28
GVT&D.NS,2023-10-27,2024-03-18,369.9618835449219,841.8621826171875,206220.43069458008,1.2755376163365384,143
TATAINVEST.NS,2024-03-15,2024-03-22,745.0477905273438,588.320068359375,-44510.673095703125,-0.21035928723047026,7
OFSS.NS,2024-02-02,2024-04-15,5902.77294921875,7245.7587890625,64463.3203125,0.22751778721583696,73
INTELLECT.NS,2024-03-15,2024-04-22,1098.4295654296875,979.9747924804688,-29613.693237304688,-0.10784011708832801,38
TATACHEM.NS,2024-03-15,2024-04-30,1084.0936279296875,1029.7327880859375,-14025.0966796875,-0.050144045166618904,46
HUDCO.NS,2024-03-15,2024-05-07,175.03529357910156,194.44192504882812,20997.97525024414,0.11087267643514627,53
IRFC.NS,2024-03-15,2024-05-07,132.2974090576172,144.71087646484375,20916.692581176758,0.09383001145411957,53
MRPL.NS,2024-03-15,2024-05-07,209.1044158935547,208.18324279785156,-608.8954162597656,-0.0044053258835626465,53
SOLARINDS.NS,2024-03-15,2024-05-07,8838.42578125,8634.0703125,-6335.01953125,-0.023121251884416282,53
GVT&D.NS,2024-03-22,2024-05-09,879.4550170898438,1002.178955078125,29699.192993164062,0.13954544075987,48
LINDEINDIA.NS,2024-03-22,2024-05-09,6494.27685546875,7537.75244140625,47999.876953125,0.1606761782967109,48
SOBHA.NS,2024-03-15,2024-05-10,1233.94287109375,1683.9754638671875,56704.106689453125,0.364711044016596,56
IRB.NS,2024-03-15,2024-05-10,28.18132209777832,30.812562942504883,21168.332595825195,0.09336825417903288,56
POWERINDIA.NS,2024-05-10,2024-05-22,8753.6904296875,10325.5048828125,37723.546875,0.1795602055784731,12
SWSOLAR.NS,2024-05-10,2024-05-30,708.5,706.3499755859375,-776.1588134765625,-0.0030346145576040933,20
KFINTECH.NS,2024-05-10,2024-05-30,731.0935668945312,661.0247802734375,-33212.60485839844,-0.09584106575951035,20
GODFRYPHLP.NS,2024-03-15,2024-06-03,941.0726318359375,1197.0543212890625,54780.08154296875,0.2720105556079456,80
OIL.NS,2024-02-16,2024-06-04,355.8966369628906,374.56201171875,12785.781707763672,0.05244605544785076,109
ABB.NS,2024-03-15,2024-06-04,5457.6162109375,7476.427734375,137279.18359375,0.36990719856622384,81
EXIDEIND.NS,2024-04-19,2024-06-04,438.24761962890625,449.2457580566406,8699.52749633789,0.025095717432640566,46
ARE&M.NS,2024-04-26,2024-06-04,1085.652587890625,1056.08642578125,-8219.39306640625,-0.027233539015294704,39
TEJASNET.NS,2024-05-10,2024-06-04,1115.4404296875,1049.228515625,-13705.8662109375,-0.05935943534075578,25
RECLTD.NS,2024-05-10,2024-06-04,460.1359558105469,404.9304504394531,-37429.33264160156,-0.11997650840792731,25
NBCC.NS,2024-03-15,2024-06-05,72.84825134277344,84.70196533203125,36390.901947021484,0.16271789330237235,82
SCHAEFFLER.NS,2024-05-10,2024-06-05,3729.439208984375,4076.12841796875,33975.54248046875,0.09296014482530944,26
COCHINSHIP.NS,2024-05-31,2024-06-05,1922.596435546875,1662.8809814453125,-30646.423583984375,-0.13508578779180325,5
GRSE.NS,2024-05-31,2024-06-05,1350.7501220703125,1164.077392578125,-35654.49133300781,-0.13819930603157876,5
HINDZINC.NS,2024-05-24,2024-07-02,689.5836791992188,605.8753051757812,-31055.806762695312,-0.12138972621951279,39
ZFCVINDIA.NS,2024-06-07,2024-07-04,2814.419189453125,2647.982666015625,-15312.16015625,-0.05913707668751384,27
PRESTIGE.NS,2024-05-10,2024-07-08,1514.4920654296875,1772.52197265625,48767.65246582031,0.17037389175977952,59
RVNL.NS,2024-06-07,2024-07-09,368.846435546875,534.4851684570312,89279.27703857422,0.4490723427069854,32
SAREGAMA.NS,2024-06-07,2024-07-10,542.4103393554688,512.3037719726562,-18304.79296875,-0.055505150249509076,33
UNOMINDA.NS,2024-06-07,2024-07-11,959.0452880859375,1051.0771484375,25400.79345703125,0.095961954555076,34
SUPREMEIND.NS,2024-05-10,2024-07-18,5166.111328125,5621.08203125,25478.359375,0.08806831177796706,69
COCHINSHIP.NS,2024-06-07,2024-07-19,1888.145263671875,2510.485595703125,60367.01220703125,0.3296040532501112,42
AEGISLOG.NS,2024-05-03,2024-07-23,616.212646484375,821.063232421875,84603.2919921875,0.3324348941979955,81
FINCABLES.NS,2024-06-07,2024-07-23,1441.4705810546875,1469.9322509765625,4781.560546875,0.019744884353484562,46
TITAGARH.NS,2024-07-05,2024-07-23,1825.78173828125,1585.44873046875,-42538.9423828125,-0.13163293441566795,18
SOLARINDS.NS,2024-07-12,2024-07-24,11982.3427734375,10551.2958984375,-40069.3125,-0.11942963926656729,12
GRSE.NS,2024-06-07,2024-07-25,1335.066650390625,2229.220947265625,134123.14453125,0.6697450622509227,48
MAZDOCK.NS,2024-06-07,2024-07-25,1548.706298828125,2385.32666015625,95374.72119140625,0.5402059525173875,48
RVNL.NS,2024-07-12,2024-07-26,617.2059936523438,543.9389038085938,-38904.82470703125,-0.11870767717304356,14
JKPAPER.NS,2024-07-05,2024-08-01,556.4584350585938,476.9229736328125,-43426.36193847656,-0.14293154064131736,27
EMAMILTD.NS,2024-06-07,2024-08-05,694.6409301757812,721.0896606445312,11663.89013671875,0.038075398842474,59
COCHINSHIP.NS,2024-07-19,2024-08-06,2510.485595703125,2260.98681640625,-26446.87060546875,-0.09938267709000599,18
RVNL.NS,2024-07-26,2024-08-09,543.9389038085938,510.2597961425781,-13067.493774414062,-0.06191707824205739,14
GRSE.NS,2024-07-26,2024-08-09,2182.6142578125,2027.06201171875,-14310.806640625,-0.07126877575227171,14
APLLTD.NS,2024-07-26,2024-08-13,1185.34619140625,1040.9237060546875,-41160.40832519531,-0.12183992018418274,18
AJANTPHARM.NS,2024-08-09,2024-08-16,2912.221435546875,2908.77392578125,-527.468994140625,-0.0011838075647491431,7
MAZDOCK.NS,2024-07-26,2024-08-20,2386.137451171875,2111.774169921875,-22772.15234375,-0.1149821780447959,25
GLAXO.NS,2024-06-07,2024-08-29,2402.76904296875,2651.14306640625,30798.37890625,0.10336991154614701,83
INDIACEM.NS,2024-07-12,2024-08-29,297.8500061035156,363.3500061035156,76504.0,0.21990934583777025,48
MMTC.NS,2024-07-26,2024-08-29,106.81999969482422,101.63999938964844,-9805.740577697754,-0.04849279460751365,34
SUZLON.NS,2024-08-09,2024-09-02,76.54000091552734,73.80999755859375,-14048.597274780273,-0.03566766820327761,24
SUMICHEM.NS,2024-06-07,2024-09-03,479.8045959472656,505.10211181640625,16367.492767333984,0.05272462182067348,88
KFINTECH.NS,2024-08-16,2024-09-04,979.8428344726562,987.3314208984375,2134.2471313476562,0.007642640393254035,19
OIL.NS,2024-07-19,2024-09-05,539.7284545898438,621.0406494140625,47079.760803222656,0.15065389666366652,48
TTML.NS,2024-07-26,2024-09-06,102.3499984741211,91.2300033569336,-27377.427978515625,-0.10864675410815135,42
JUSTDIAL.NS,2024-07-26,2024-09-09,1280.949951171875,1214.4000244140625,-17436.080810546875,-0.05195357296897463,45
DEEPAKFERT.NS,2024-08-09,2024-09-16,973.30419921875,959.9805908203125,-4050.376953125,-0.013689048510354799,38
AJANTPHARM.NS,2024-08-16,2024-09-23,2908.77392578125,3016.1787109375,13318.193359375,0.0369244182933202,38
PNBHOUSING.NS,2024-09-13,2024-09-24,1122.5250244140625,982.9805908203125,-38653.80810546875,-0.12431298239127421,11
CONCORDBIO.NS,2024-09-20,2024-09-24,2569.234375,2197.248046875,-46870.27734375,-0.14478489457584032,4
TRITURBINE.NS,2024-08-23,2024-09-25,717.3051147460938,702.4365234375,-5724.407653808594,-0.020728405531942738,33
GODFRYPHLP.NS,2024-08-30,2024-09-25,2102.1455078125,2297.699951171875,28942.0576171875,0.09302612147094881,26
POLYMED.NS,2024-09-06,2024-09-27,2542.904296875,2266.37060546875,-44521.92431640625,-0.10874718790875652,21
NUVAMA.NS,2024-08-02,2024-10-03,1218.98828125,1189.003173828125,-9355.353515625,-0.024598355770185956,62
GODREJIND.NS,2024-09-06,2024-10-03,1210.9000244140625,1116.449951171875,-29185.072631835938,-0.07799989374671172,27
TRENT.NS,2024-08-30,2024-10-04,7144.0625,7338.212890625,12425.625,0.02717646865841389,35
INOXWIND.NS,2024-08-30,2024-10-04,221.11000061035156,222.25,1329.2392883300781,0.0051558020284093245,35
BBTC.NS,2024-07-12,2024-10-07,2248.9443359375,2436.667724609375,23840.870361328125,0.08347178081382801,87
PCBL.NS,2024-08-09,2024-10-07,378.22650146484375,479.78118896484375,73322.484375,0.2685023051179282,59
CAMPUS.NS,2024-09-27,2024-10-07,347.6653747558594,306.7984924316406,-48631.58996582031,-0.1175465988032793,10
SUNDARMFIN.NS,2024-09-06,2024-10-16,4727.71484375,4871.34423828125,11059.46337890625,0.030380299844252848,40
JPPOWER.NS,2024-10-11,2024-10-21,22.309999465942383,19.170000076293945,-46280.45100402832,-0.14074403697059,10
JMFINANCIL.NS,2024-09-06,2024-10-22,118.91761779785156,132.45404052734375,36588.95063781738,0.11383025476092866,46
BSE.NS,2024-09-27,2024-10-22,1208.312255859375,1355.5587158203125,34897.41101074219,0.12186126495606302,25
HSCL.NS,2024-09-27,2024-10-22,655.2307739257812,573.3455810546875,-48394.148986816406,-0.12497153084016926,25
HEG.NS,2024-10-04,2024-10-22,466.7792053222656,424.9257507324219,-31473.7978515625,-0.08966435118065727,18
BASF.NS,2024-10-11,2024-10-22,8081.5419921875,7215.38525390625,-35512.42626953125,-0.10717716236809406,11
PCBL.NS,2024-10-11,2024-10-22,485.8954772949219,417.96942138671875,-40076.372985839844,-0.1397956126003913,11
FLUOROCHEM.NS,2024-09-27,2024-10-24,4296.20654296875,4271.52587890625,-1949.7724609375,-0.005744757337817668,27
JUBLPHARMA.NS,2024-09-27,2024-10-25,1158.7237548828125,1048.418701171875,-30664.804931640625,-0.09519529848776873,28
CONCORDBIO.NS,2024-09-27,2024-10-25,2022.7127685546875,1785.2578125,-25882.590209960938,-0.1173943032081411,28
POWERINDIA.NS,2024-10-18,2024-10-25,15523.33984375,13302.416015625,-42197.552734375,-0.14306997401845759,7
SAREGAMA.NS,2024-10-11,2024-11-06,576.2926635742188,489.3069152832031,-36012.09979248047,-0.15094023191536435,26
MCX.NS,2024-10-25,2024-11-12,1289.4139404296875,1213.252197265625,-23381.655151367188,-0.0590669456688844,18
COHANCE.NS,2024-10-25,2024-11-12,1249.9000244140625,1204.550048828125,-13741.042602539062,-0.03628288239069121,18
BASF.NS,2024-10-25,2024-11-12,7031.013671875,6631.5986328125,-12381.8662109375,-0.05680760381112809,18
GODFRYPHLP.NS,2024-10-25,2024-11-13,2035.109130859375,2035.6259765625,64.605712890625,0.00025396461314423425,19
HSCL.NS,2024-10-25,2024-11-13,551.4031982421875,502.2821044921875,-22104.4921875,-0.08908380275376099,19
LLOYDSME.NS,2024-10-04,2024-11-14,971.3432006835938,923.0081787109375,-22814.13037109375,-0.04976101334589045,41
ANANTRAJ.NS,2024-10-25,2024-11-18,658.723388671875,649.8486938476562,-3070.6444091796875,-0.013472566750836041,24
PCBL.NS,2024-10-25,2024-11-21,409.8489074707031,367.3831787109375,-22591.767700195312,-0.10361313153628735,27
JUBLPHARMA.NS,2024-10-25,2024-11-25,1048.418701171875,1101.3671875,12442.894287109375,0.0505031875804405,31
JMFINANCIL.NS,2024-10-25,2024-11-26,128.94068908691406,127.32283782958984,-2235.8704376220703,-0.012547251521462601,32
FORTIS.NS,2024-11-22,2024-11-26,684.3138427734375,663.1114501953125,-13802.757568359375,-0.030983433700821225,4
NATIONALUM.NS,2024-10-04,2024-12-13,202.5924072265625,211.60910034179688,18953.088928222656,0.04450656981014523,70
VIJAYA.NS,2024-11-22,2024-12-16,1217.198486328125,1057.1707763671875,-36646.34558105469,-0.13147215656148803,24
DEEPAKFERT.NS,2024-11-22,2024-12-18,1258.64013671875,1184.8751220703125,-11359.812255859375,-0.0586069143168606,26
MASTEK.NS,2024-11-22,2024-12-20,3157.91064453125,2976.532958984375,-21946.699951171875,-0.05743597775984511,28
MOTILALOFS.NS,2024-10-25,2024-12-24,858.3206787109375,904.5341796875,10952.599731445312,0.05384176581411029,60
ITI.NS,2024-11-29,2024-12-26,286.6300048828125,333.95001220703125,29196.44451904297,0.16509090645818933,27
ECLERX.NS,2024-11-22,2024-12-30,1632.46142578125,1749.7918701171875,20767.488647460938,0.07187333341110125,38
HEG.NS,2024-12-13,2024-12-30,563.0996704101562,492.8484802246094,-36881.87484741211,-0.12475800267184778,17
BSE.NS,2024-10-25,2025-01-06,1346.4449462890625,1686.5567626953125,45234.87158203125,0.25259986852313,73
PPLPHARMA.NS,2024-11-22,2025-01-06,249.98802185058594,247.48963928222656,-2008.6995849609375,-0.009994009112375074,45
PAYTM.NS,2024-10-25,2025-01-08,744.4500122070312,902.0499877929688,42709.59338378906,0.21169987642113036,75
INDHOTEL.NS,2024-11-22,2025-01-08,793.1747436523438,828.76123046875,20782.50830078125,0.04486588497830959,47
JYOTICNC.NS,2024-11-22,2025-01-09,1231.1500244140625,1312.1500244140625,19197.0,0.06579214425029158,48
COFORGE.NS,2024-11-29,2025-01-09,1709.3609619140625,1826.87890625,43834.19323730469,0.06874963624087121,41
FIVESTAR.NS,2025-01-03,2025-01-10,784.8709716796875,672.07275390625,-47713.64611816406,-0.14371561931006338,7
POWERINDIA.NS,2025-01-03,2025-01-10,15123.40234375,13429.248046875,-40659.703125,-0.11202203435228567,7
SYRMA.NS,2024-11-08,2025-01-13,547.774658203125,527.8818969726562,-10921.125915527344,-0.03631559242941857,66
KFINTECH.NS,2025-01-03,2025-01-13,1442.8720703125,1230.14599609375,-37227.06298828125,-0.14743238752461083,10
KAYNES.NS,2025-01-03,2025-01-13,7544.7001953125,6145.35009765625,-64370.1044921875,-0.1854745796957793,10
LLOYDSME.NS,2025-01-03,2025-01-27,1439.3135986328125,1292.8106689453125,-46001.919921875,-0.10178666402281021,24
INTELLECT.NS,2025-01-03,2025-01-27,957.887451171875,848.293701171875,-30686.25,-0.11441192790021784,24
POLYMED.NS,2025-05-02,2025-05-09,2486.731689453125,2517.2158203125,3536.1591796875,0.01225871330978976,7
KAYNES.NS,2025-05-02,2025-05-21,5757.0,5951.0,7954.0,0.03369810665277054,19
DIXON.NS,2025-05-02,2025-05-22,16401.701171875,15163.251953125,-26007.43359375,-0.07550736388696343,20
DEVYANI.NS,2025-05-02,2025-05-29,177.0,170.0800018310547,-14075.276275634766,-0.039096034852798375,27
GODFRYPHLP.NS,2025-05-02,2025-06-06,2727.748779296875,2660.976806640625,-7812.32080078125,-0.024478783809945153,35
ZENTEC.NS,2025-05-30,2025-06-11,2135.670166015625,1949.3304443359375,-29628.015747070312,-0.08725117044984942,12
RPOWER.NS,2025-06-06,2025-06-17,61.63999938964844,63.630001068115234,8650.537296295166,0.032284258568649325,11
ELECON.NS,2025-05-02,2025-06-18,573.19482421875,636.5476684570312,30472.71807861328,0.11052584838781399,47
IFCI.NS,2025-05-30,2025-06-19,67.41999816894531,57.459999084472656,-38216.51648712158,-0.14773063415864027,20
ATUL.NS,2025-05-02,2025-06-20,6934.51513671875,6816.9892578125,-4583.50927734375,-0.016947959098674706,49
ASAHIINDIA.NS,2025-05-02,2025-06-20,723.5416870117188,707.8612670898438,-7887.251220703125,-0.021671757416820456,49
INTELLECT.NS,2025-05-23,2025-06-20,1065.511962890625,1061.2779541015625,-1143.182373046875,-0.003973684891886213,28
CONCORDBIO.NS,2025-06-13,2025-06-20,2083.854248046875,1814.79150390625,-50583.7958984375,-0.12911783268566324,7
DATAPATTNS.NS,2025-05-02,2025-06-25,2309.02392578125,2776.20068359375,45783.322265625,0.20232651233981147,54
HOMEFIRST.NS,2025-05-02,2025-07-01,1172.871826171875,1313.9593505859375,28217.5048828125,0.12029236380803579,60
NH.NS,2025-06-27,2025-07-02,2252.888916015625,1972.3729248046875,-51895.45837402344,-0.12451390266815622,5
GRSE.NS,2025-05-23,2025-07-03,2761.703125,2921.580322265625,12310.544189453125,0.057890797826296046,41
SOLARINDS.NS,2025-05-02,2025-07-08,13053.4697265625,16501.25,106881.1884765625,0.26412749603437724,67
MCX.NS,2025-05-02,2025-07-11,1248.75927734375,1599.556640625,96469.27490234375,0.2809167224186194,70
JPPOWER.NS,2025-07-11,2025-07-16,23.6299991607666,23.75,1570.930986404419,0.005078326004879358,5
DATAPATTNS.NS,2025-07-04,2025-07-18,2966.11572265625,2743.271240234375,-23621.51513671875,-0.07513007018563347,14
AUBANK.NS,2025-05-02,2025-07-21,678.9525146484375,752.1695556640625,36388.869384765625,0.10783823527560964,80
RTNINDIA.NS,2025-06-20,2025-07-21,59.119998931884766,60.130001068115234,4213.728912353516,0.017083933600779404,31
RPOWER.NS,2025-06-20,2025-07-21,63.54999923706055,63.52000045776367,-91.0762939453125,-0.0004720500339421022,31
GRSE.NS,2025-07-04,2025-07-21,2953.158203125,2568.16259765625,-29259.666015625,-0.13036741650391498,17
ALKYLAMINE.NS,2025-07-04,2025-07-25,2282.31640625,2182.877685546875,-16705.705078125,-0.04356920908547888,21
WOCKPHARMA.NS,2025-06-20,2025-07-31,1730.800048828125,1667.5,-9748.20751953125,-0.03657271033183969,41
CONCORDBIO.NS,2025-06-20,2025-07-31,1814.79150390625,1745.6490478515625,-10371.368408203125,-0.038099393735237214,41
APARINDS.NS,2025-05-16,2025-08-01,8151.27197265625,8752.1142578125,22832.0068359375,0.07371147560427356,77
JMFINANCIL.NS,2025-07-25,2025-08-01,164.61863708496094,148.16555786132812,-34386.93557739258,-0.09994663736124393,7
GLENMARK.NS,2025-07-18,2025-08-06,2217.84765625,2018.6351318359375,-39643.29235839844,-0.08982245640392483,19
MUTHOOTFIN.NS,2025-06-20,2025-08-12,2584.54638671875,2511.960205078125,-15243.09814453125,-0.028084689063281966,53
SYRMA.NS,2025-07-11,2025-08-12,676.5044555664062,671.3692016601562,-2963.04150390625,-0.007590864870136719,32
JPPOWER.NS,2025-07-18,2025-08-12,22.860000610351562,18.8799991607666,-37471.71364784241,-0.1741032958583002,25
PATANJALI.NS,2025-07-25,2025-08-14,617.8218994140625,579.871337890625,-33282.64245605469,-0.061426377989238515,20
NAVA.NS,2025-06-20,2025-08-18,552.7385864257812,570.6177978515625,10405.701049804688,0.03234659541573723,59
SARDAEN.NS,2025-08-22,2025-09-18,594.51904296875,566.4268188476562,-12388.670837402344,-0.047252017329527954,27
PAYTM.NS,2025-08-01,2025-09-19,1076.4000244140625,1177.199951171875,36691.17333984375,0.09364541478218831,49
JMFINANCIL.NS,2025-08-22,2025-09-19,188.24984741210938,167.35919189453125,-32025.374908447266,-0.11097302762665778,28
HBLENGINE.NS,2025-08-22,2025-09-22,796.546630859375,815.2605590820312,7934.70556640625,0.0234938263469475,31
GODFRYPHLP.NS,2025-08-22,2025-09-23,3451.755126953125,3281.225341796875,-10743.37646484375,-0.04940378992260009,32
ANANDRATHI.NS,2025-07-25,2025-09-25,1293.0533447265625,1431.612548828125,38935.13635253906,0.10715660314142966,62
NEULANDLAB.NS,2025-07-25,2025-09-26,13734.6171875,13940.2373046875,4523.642578125,0.014970939079003726,63
ETERNAL.NS,2025-08-01,2025-09-26,304.75,321.0,23058.75,0.05332239540607055,56
OLECTRA.NS,2025-08-01,2025-09-30,1442.9532470703125,1552.9000244140625,24628.078125,0.07619566161757457,60
HYUNDAI.NS,2025-08-22,2025-09-30,2344.21337890625,2559.952880859375,34949.79931640625,0.09203065893847237,39
TATAINVEST.NS,2025-09-26,2025-10-03,862.153564453125,995.068115234375,60609.03515625,0.1541657498865175,7
TATAINVEST.NS,2025-10-03,2025-10-09,995.068115234375,897.3719482421875,-26280.268920898438,-0.09818038131909841,6
NSLNISP.NS,2025-09-19,2025-10-14,46.91999816894531,43.560001373291016,-30774.210651397705,-0.07161118769774719,25
GVT&D.NS,2025-08-08,2025-10-15,2792.459228515625,2920.47119140625,15745.471435546875,0.04584201680848595,68
NETWEB.NS,2025-09-19,2025-10-16,3277.357177734375,3757.857666015625,35076.53564453125,0.14661218238453283,27
ANANTRAJ.NS,2025-09-26,2025-10-16,678.5850219726562,632.3109741210938,-23738.586547851562,-0.06819196762852676,20
POONAWALLA.NS,2025-10-03,2025-10-20,524.4000244140625,511.8999938964844,-9862.52407836914,-0.023836822913090087,17
TATAINVEST.NS,2025-10-10,2025-10-20,924.7308349609375,800.86962890625,-25639.269653320312,-0.13394298251114298,10
NLCINDIA.NS,2025-09-26,2025-10-23,275.6044921875,258.76434326171875,-24401.37579345703,-0.061102592313061845,27
FORTIS.NS,2025-10-17,2025-10-31,1083.7503662109375,1021.9658203125,-31757.256591796875,-0.057009942349040894,14
ADANIPOWER.NS,2025-09-26,2025-11-03,146.25,156.72999572753906,17250.072967529297,0.07165809044471154,38
HEROMOTOCO.NS,2025-08-22,2025-11-04,4831.28125,5132.01025390625,31275.81640625,0.062246221725603325,74
GMDCLTD.NS,2025-09-19,2025-11-06,572.0499877929688,566.75,-2464.4943237304688,-0.009264903253327005,48
HINDCOPPER.NS,2025-09-26,2025-11-06,311.4706115722656,321.7840576171875,11365.417541503906,0.03311210002401465,41
NETWEB.NS,2025-10-17,2025-11-06,3830.71240234375,3298.743896484375,-27130.393798828125,-0.13886934073513324,20
ECLERX.NS,2025-10-31,2025-11-07,2362.490234375,2138.564453125,-36947.75390625,-0.09478379126897846,7
SAMMAANCAP.NS,2025-10-17,2025-11-11,166.75999450683594,176.36000061035156,19440.01235961914,0.0575678005501619,25
HBLENGINE.NS,2025-10-24,2025-11-11,928.0125732421875,990.2651977539062,25523.576049804688,0.06708166064413053,18
WHIRLPOOL.NS,2025-10-31,2025-11-11,1390.7833251953125,1230.5416259765625,-42464.05029296875,-0.11521686830423186,11
USHAMART.NS,2025-10-03,2025-11-20,458.95196533203125,435.6272277832031,-20105.923767089844,-0.05082174020532567,48
CHENNPETRO.NS,2025-11-07,2025-11-26,966.1788940429688,852.3821411132812,-33001.058349609375,-0.11778020988794921,19
MRPL.NS,2025-11-07,2025-11-27,168.92616271972656,156.92926025390625,-21714.393463134766,-0.07101861708493873,20
FIVESTAR.NS,2025-11-07,2025-12-03,643.7632446289062,571.3760375976562,-39740.57666015625,-0.11244383340489904,26
NAVINFLUOR.NS,2025-11-07,2025-12-04,5961.82763671875,5758.07275390625,-13244.0673828125,-0.03417658061054611,27
POWERINDIA.NS,2025-11-14,2025-12-04,21460.875,20080.205078125,-26232.728515625,-0.06433427909509748,20
NETWEB.NS,2025-11-07,2025-12-05,3429.761962890625,3079.680419921875,-17854.15869140625,-0.10207167341540492,28
CCL.NS,2025-11-14,2025-12-05,1047.34521484375,944.6098022460938,-41094.1650390625,-0.0980912607816545,21
TATACOMM.NS,2025-10-24,2025-12-08,1878.91455078125,1795.4732666015625,-16437.932983398438,-0.04440930224580609,45
BSE.NS,2025-10-17,2025-12-09,2479.06884765625,2708.6640625,39719.97216796875,0.09261348875438166,53
HEROMOTOCO.NS,2025-12-05,2025-12-10,6138.78857421875,5747.29052734375,-41107.294921875,-0.06377447962928481,5
M&MFIN.NS,2025-12-05,2026-01-07,359.4624938964844,352.07861328125,-6815.321807861328,-0.020541449360112478,33
ZFCVINDIA.NS,2025-12-12,2026-01-08,2349.593994140625,2406.828125,8012.7783203125,0.024359157795816825,27
LTF.NS,2025-12-12,2026-01-08,304.7127685546875,304.1683349609375,-832.9833984375,-0.0017867107976221523,27
3MINDIA.NS,2025-11-21,2026-01-09,34948.859375,33647.703125,-16915.03125,-0.03723029229762953,49
NATCOPHARM.NS,2025-12-05,2026-01-12,930.4406127929688,854.9469604492188,-28763.08154296875,-0.08113752915098517,38
NETWEB.NS,2025-12-05,2026-01-20,3079.680419921875,3232.784912109375,12401.4638671875,0.04971440906566011,46
MUTHOOTFIN.NS,2025-11-28,2026-01-30,3712.806396484375,3797.490478515625,13210.716796875,0.022808644725304462,63
NATIONALUM.NS,2026-01-09,2026-01-30,341.1744384765625,377.835693359375,43040.313232421875,0.1074560422712647,21
HINDCOPPER.NS,2025-12-12,2026-02-02,381.6880187988281,609.5726318359375,208058.65170288086,0.5970441874341826,52
JKTYRE.NS,2025-11-07,2026-02-20,453.93267822265625,532.937744140625,72368.64038085938,0.1740457775089203,105
SHRIRAMFIN.NS,2026-01-09,2026-03-04,969.91357421875,1004.3189086914062,17890.77392578125,0.03547257754420975,54
ASHOKLEY.NS,2025-12-12,2026-03-06,161.11160278320312,191.4048309326172,89758.83500671387,0.18802635953027907,84
HINDZINC.NS,2026-01-30,2026-03-06,617.2227783203125,576.320068359375,-19060.662841796875,-0.06626895733214616,35
GRAPHITE.NS,2026-01-09,2026-03-09,621.6259155273438,620.9335327148438,-396.04296875,-0.001113825526261451,59
UNIONBANK.NS,2026-01-16,2026-03-09,171.09837341308594,173.9249267578125,8965.827209472656,0.016520048018822266,52
MRPL.NS,2026-02-06,2026-03-13,181.42251586914062,178.13999938964844,-4611.935653686523,-0.01809321441589893,35
GVT&D.NS,2026-02-06,2026-03-16,3543.429443359375,3513.603271484375,-2386.09375,-0.00841731784187103,38
VEDL.NS,2026-01-30,2026-03-19,670.3544921875,654.4205932617188,-9432.8681640625,-0.02376936249623057,48
MCX.NS,2026-01-30,2026-03-20,2521.82080078125,2408.598388671875,-15058.580810546875,-0.04489708867271582,49
NATIONALUM.NS,2026-01-30,2026-03-23,377.835693359375,347.1341247558594,-26802.46939086914,-0.08125640097827948,52
POWERINDIA.NS,2026-02-20,2026-05-13,23865.30078125,31737.421875,125953.9375,0.32985635362009796,82
